[debug] [2026-04-20T06:11:43.139Z] ----------------------------------------------------------------------
[debug] [2026-04-20T06:11:43.140Z] Command:       /usr/local/bin/node /Users/yxk/Downloads/yxkapp/test1/functions/node_modules/.bin/firebase emulators:start
[debug] [2026-04-20T06:11:43.140Z] CLI Version:   15.14.0
[debug] [2026-04-20T06:11:43.140Z] Platform:      darwin
[debug] [2026-04-20T06:11:43.140Z] Node Version:  v22.14.0
[debug] [2026-04-20T06:11:43.140Z] Time:          Mon Apr 20 2026 14:11:43 GMT+0800 (中国标准时间)
[debug] [2026-04-20T06:11:43.141Z] ----------------------------------------------------------------------
[debug] 
[debug] [2026-04-20T06:11:43.649Z] > command requires scopes: ["email","openid","https://www.googleapis.com/auth/cloudplatformprojects.readonly","https://www.googleapis.com/auth/firebase","https://www.googleapis.com/auth/cloud-platform"]
[debug] [2026-04-20T06:11:43.649Z] > authorizing via signed-in user (yuxinke720@gmail.com)
[info] i  emulators: Starting emulators: auth, functions, extensions {"metadata":{"emulator":{"name":"hub"},"message":"Starting emulators: auth, functions, extensions"}}
[debug] [2026-04-20T06:11:43.651Z] Checked if tokens are valid: true, expires at: 1776667679187
[debug] [2026-04-20T06:11:43.651Z] Checked if tokens are valid: true, expires at: 1776667679187
[debug] [2026-04-20T06:11:43.651Z] >>> [apiv2][query] GET https://cloudresourcemanager.googleapis.com/v1/projects/storyme-app-d02d2 [none]
[debug] [2026-04-20T06:11:44.511Z] <<< [apiv2][status] GET https://cloudresourcemanager.googleapis.com/v1/projects/storyme-app-d02d2 200
[debug] [2026-04-20T06:11:44.512Z] <<< [apiv2][body] GET https://cloudresourcemanager.googleapis.com/v1/projects/storyme-app-d02d2 {"projectNumber":"25654831343","projectId":"storyme-app-d02d2","lifecycleState":"ACTIVE","name":"storyme App","labels":{"firebase":"enabled","firebase-core":"disabled"},"createTime":"2026-04-14T11:35:48.991Z"}
[debug] [2026-04-20T06:11:44.855Z] [logging] Logging Emulator only supports listening on one address (127.0.0.1). Not listening on ::1
[debug] [2026-04-20T06:11:44.856Z] [auth] Authentication Emulator only supports listening on one address (127.0.0.1). Not listening on ::1
[debug] [2026-04-20T06:11:44.856Z] assigned listening specs for emulators {"user":{"hub":[{"address":"127.0.0.1","family":"IPv4","port":4400},{"address":"::1","family":"IPv6","port":4400}],"ui":[{"address":"127.0.0.1","family":"IPv4","port":4000},{"address":"::1","family":"IPv6","port":4000}],"logging":[{"address":"127.0.0.1","family":"IPv4","port":4500}],"auth":[{"address":"127.0.0.1","family":"IPv4","port":9099}]},"metadata":{"message":"assigned listening specs for emulators"}}
[debug] [2026-04-20T06:11:44.857Z] Write emulator hub locator at /var/folders/sz/qxcgz26534x79qtn2k14_3180000gn/T/hub-storyme-app-d02d2.json
[debug] [2026-04-20T06:11:44.859Z] [Extensions] Started Extensions emulator, this is a noop.
[debug] [2026-04-20T06:11:45.090Z] [functions] Functions Emulator only supports listening on one address (127.0.0.1). Not listening on ::1
[debug] [2026-04-20T06:11:45.090Z] [eventarc] Eventarc Emulator only supports listening on one address (127.0.0.1). Not listening on ::1
[debug] [2026-04-20T06:11:45.090Z] [tasks] Cloud Tasks Emulator only supports listening on one address (127.0.0.1). Not listening on ::1
[debug] [2026-04-20T06:11:45.090Z] late-assigned ports for functions and eventarc emulators {"user":{"hub":[{"address":"127.0.0.1","family":"IPv4","port":4400},{"address":"::1","family":"IPv6","port":4400}],"ui":[{"address":"127.0.0.1","family":"IPv4","port":4000},{"address":"::1","family":"IPv6","port":4000}],"logging":[{"address":"127.0.0.1","family":"IPv4","port":4500}],"auth":[{"address":"127.0.0.1","family":"IPv4","port":9099}],"functions":[{"address":"127.0.0.1","family":"IPv4","port":5001}],"eventarc":[{"address":"127.0.0.1","family":"IPv4","port":9299}],"tasks":[{"address":"127.0.0.1","family":"IPv4","port":9499}]},"metadata":{"message":"late-assigned ports for functions and eventarc emulators"}}
[warn] ⚠  functions: The following emulators are not running, calls to these services from the Functions emulator will affect production: apphosting, firestore, database, hosting, pubsub, storage, dataconnect {"metadata":{"emulator":{"name":"functions"},"message":"The following emulators are not running, calls to these services from the Functions emulator will affect production: \u001b[1mapphosting, firestore, database, hosting, pubsub, storage, dataconnect\u001b[22m"}}
[debug] [2026-04-20T06:11:45.600Z] defaultcredentials: writing to file /Users/yxk/.config/firebase/yuxinke720_gmail_com_application_default_credentials.json
[debug] [2026-04-20T06:11:45.602Z] Setting GAC to /Users/yxk/.config/firebase/yuxinke720_gmail_com_application_default_credentials.json {"metadata":{"emulator":{"name":"functions"},"message":"Setting GAC to /Users/yxk/.config/firebase/yuxinke720_gmail_com_application_default_credentials.json"}}
[debug] [2026-04-20T06:11:45.603Z] Checked if tokens are valid: true, expires at: 1776667679187
[debug] [2026-04-20T06:11:45.603Z] Checked if tokens are valid: true, expires at: 1776667679187
[debug] [2026-04-20T06:11:45.603Z] >>> [apiv2][query] GET https://firebase.googleapis.com/v1beta1/projects/storyme-app-d02d2/adminSdkConfig [none]
[debug] [2026-04-20T06:11:46.468Z] <<< [apiv2][status] GET https://firebase.googleapis.com/v1beta1/projects/storyme-app-d02d2/adminSdkConfig 200
[debug] [2026-04-20T06:11:46.468Z] <<< [apiv2][body] GET https://firebase.googleapis.com/v1beta1/projects/storyme-app-d02d2/adminSdkConfig {"projectId":"storyme-app-d02d2","storageBucket":"storyme-app-d02d2.firebasestorage.app"}
[debug] [2026-04-20T06:11:48.341Z] [Extensions] Connecting Extensions emulator, this is a noop.
[info] i  functions: Watching "/Users/yxk/Downloads/yxkapp/test1/functions" for Cloud Functions... {"metadata":{"emulator":{"name":"functions"},"message":"Watching \"/Users/yxk/Downloads/yxkapp/test1/functions\" for Cloud Functions..."}}
[debug] [2026-04-20T06:11:48.343Z] Validating nodejs source
[warn] ⚠  functions: package.json indicates an outdated version of firebase-functions. Please upgrade using npm install --save firebase-functions@latest in your functions directory. 
[warn] ⚠  functions: Please note that there will be breaking changes when you upgrade. 
[debug] [2026-04-20T06:11:49.151Z] > [functions] package.json contents: {
  "name": "storyme-functions",
  "scripts": {
    "build": "tsc",
    "build:watch": "tsc --watch",
    "serve": "npm run build && firebase emulators:start --only functions",
    "shell": "npm run build && firebase functions:shell",
    "start": "npm run shell",
    "deploy": "firebase deploy --only functions",
    "logs": "firebase functions:log"
  },
  "engines": {
    "node": "20"
  },
  "main": "lib/index.js",
  "dependencies": {
    "firebase-admin": "^12.0.0",
    "firebase-functions": "^5.0.0"
  },
  "devDependencies": {
    "firebase-functions-test": "^3.3.0",
    "firebase-tools": "^15.14.0",
    "typescript": "^5.4.0"
  },
  "private": true
}
[debug] [2026-04-20T06:11:49.151Z] Building nodejs source
[debug] [2026-04-20T06:11:49.151Z] Failed to find version of module node: reached end of search path /Users/yxk/Downloads/yxkapp/test1/functions/node_modules
[warn] ⚠  functions: Your requested "node" version "20" doesn't match your global version "22". Using node@22 from host. 
[info] i  functions: Loaded environment variables from .env. 
[debug] [2026-04-20T06:11:49.153Z] Could not find functions.yaml. Must use http discovery
[debug] [2026-04-20T06:11:49.158Z] Found firebase-functions binary at '/Users/yxk/Downloads/yxkapp/test1/functions/node_modules/.bin/firebase-functions'
[info] Serving at port 8069

[debug] [2026-04-20T06:11:49.301Z] Got response from /__/functions.yaml {"endpoints":{"generateStory":{"availableMemoryMb":null,"timeoutSeconds":null,"minInstances":null,"maxInstances":null,"ingressSettings":null,"concurrency":null,"serviceAccountEmail":null,"vpc":null,"platform":"gcfv2","region":["asia-northeast1"],"labels":{},"callableTrigger":{},"entryPoint":"generateStory"},"analyzeAppearance":{"availableMemoryMb":null,"timeoutSeconds":null,"minInstances":null,"maxInstances":null,"ingressSettings":null,"concurrency":null,"serviceAccountEmail":null,"vpc":null,"platform":"gcfv2","region":["asia-northeast1"],"labels":{},"callableTrigger":{},"entryPoint":"analyzeAppearance"},"generateImage":{"availableMemoryMb":null,"timeoutSeconds":120,"minInstances":null,"maxInstances":null,"ingressSettings":null,"concurrency":null,"serviceAccountEmail":null,"vpc":null,"platform":"gcfv2","region":["asia-northeast1"],"labels":{},"callableTrigger":{},"entryPoint":"generateImage"}},"specVersion":"v1alpha1","requiredAPIs":[],"extensions":{}}
[debug] [2026-04-20T06:11:53.327Z] defaultcredentials: writing to file /Users/yxk/.config/firebase/yuxinke720_gmail_com_application_default_credentials.json
[debug] [2026-04-20T06:11:53.328Z] Setting GAC to /Users/yxk/.config/firebase/yuxinke720_gmail_com_application_default_credentials.json {"metadata":{"emulator":{"name":"functions"},"message":"Setting GAC to /Users/yxk/.config/firebase/yuxinke720_gmail_com_application_default_credentials.json"}}
[info] ✔  functions: Loaded functions definitions from source: generateStory, analyzeAppearance, generateImage. {"metadata":{"emulator":{"name":"functions"},"message":"Loaded functions definitions from source: generateStory, analyzeAppearance, generateImage."}}
[info] ✔  functions[asia-northeast1-generateStory]: http function initialized (http://127.0.0.1:5001/storyme-app-d02d2/asia-northeast1/generateStory). {"metadata":{"emulator":{"name":"functions"},"message":"\u001b[1mhttp\u001b[22m function initialized (http://127.0.0.1:5001/storyme-app-d02d2/asia-northeast1/generateStory)."}}
[info] ✔  functions[asia-northeast1-analyzeAppearance]: http function initialized (http://127.0.0.1:5001/storyme-app-d02d2/asia-northeast1/analyzeAppearance). {"metadata":{"emulator":{"name":"functions"},"message":"\u001b[1mhttp\u001b[22m function initialized (http://127.0.0.1:5001/storyme-app-d02d2/asia-northeast1/analyzeAppearance)."}}
[info] ✔  functions[asia-northeast1-generateImage]: http function initialized (http://127.0.0.1:5001/storyme-app-d02d2/asia-northeast1/generateImage). {"metadata":{"emulator":{"name":"functions"},"message":"\u001b[1mhttp\u001b[22m function initialized (http://127.0.0.1:5001/storyme-app-d02d2/asia-northeast1/generateImage)."}}
[debug] [2026-04-20T06:11:53.343Z] Could not find VSCode notification endpoint: FetchError: request to http://localhost:40001/vscode/notify failed, reason: . If you are not running the Firebase Data Connect VSCode extension, this is expected and not an issue.
[info] 
┌─────────────────────────────────────────────────────────────┐
│ ✔  All emulators ready! It is now safe to connect your app. │
│ i  View Emulator UI at http://127.0.0.1:4000/               │
└─────────────────────────────────────────────────────────────┘

┌────────────────┬────────────────┬──────────────────────────────────┐
│ Emulator       │ Host:Port      │ View in Emulator UI              │
├────────────────┼────────────────┼──────────────────────────────────┤
│ Authentication │ 127.0.0.1:9099 │ http://127.0.0.1:4000/auth       │
├────────────────┼────────────────┼──────────────────────────────────┤
│ Functions      │ 127.0.0.1:5001 │ http://127.0.0.1:4000/functions  │
├────────────────┼────────────────┼──────────────────────────────────┤
│ Extensions     │ 127.0.0.1:5001 │ http://127.0.0.1:4000/extensions │
└────────────────┴────────────────┴──────────────────────────────────┘
  Emulator Hub host: 127.0.0.1 port: 4400
  Other reserved ports: 4500
┌─────────────────────────┬───────────────┬─────────────────────┐
│ Extension Instance Name │ Extension Ref │ View in Emulator UI │
└─────────────────────────┴───────────────┴─────────────────────┘
Issues? Report them at https://github.com/firebase/firebase-tools/issues and attach the *-debug.log files.
 
[debug] [2026-04-20T06:24:41.772Z] >>> [apiv2][query] POST http://127.0.0.1:5001/functions/projects/storyme-app-d02d2/trigger_multicast [none]
[debug] [2026-04-20T06:24:41.773Z] >>> [apiv2][body] POST http://127.0.0.1:5001/functions/projects/storyme-app-d02d2/trigger_multicast {"eventId":"6f3bcaa8-e26f-4d49-a7c6-0c3c8f12fa03","eventType":"providers/firebase.auth/eventTypes/user.create","resource":{"name":"projects/storyme-app-d02d2","service":"firebaseauth.googleapis.com"},"params":{},"timestamp":"2026-04-20T06:24:41.771Z","data":{"uid":"TdgH1H0bZOiwVtsMITJb4AjunDHO","email":"q@test.com","emailVerified":false,"metadata":{"creationTime":"2026-04-20T06:24:41.768Z","lastSignInTime":"2026-04-20T06:24:41.768Z"},"customClaims":{},"providerData":[{"rawId":"q@test.com","providerId":"password","email":"q@test.com","federatedId":"q@test.com"}]}}
[debug] [2026-04-20T06:24:41.791Z] <<< [apiv2][status] POST http://127.0.0.1:5001/functions/projects/storyme-app-d02d2/trigger_multicast 200
[debug] [2026-04-20T06:24:41.792Z] <<< [apiv2][body] POST http://127.0.0.1:5001/functions/projects/storyme-app-d02d2/trigger_multicast {"status":"multicast_acknowledged"}
[debug] [2026-04-20T06:24:59.630Z] [work-queue] {"queuedWork":["/storyme-app-d02d2/asia-northeast1/analyzeAppearance-2026-04-20T06:24:59.630Z"],"queueLength":1,"runningWork":[],"workRunningCount":0}
[debug] [2026-04-20T06:24:59.631Z] [work-queue] {"queuedWork":[],"queueLength":0,"runningWork":["/storyme-app-d02d2/asia-northeast1/analyzeAppearance-2026-04-20T06:24:59.630Z"],"workRunningCount":1}
[debug] [2026-04-20T06:24:59.631Z] Accepted request POST /storyme-app-d02d2/asia-northeast1/analyzeAppearance --> asia-northeast1-analyzeAppearance
[debug] [2026-04-20T06:24:59.632Z] [functions] Runtime ready! Sending request! {"metadata":{"emulator":{"name":"functions"},"message":"[functions] Runtime ready! Sending request!"}}
[debug] [2026-04-20T06:24:59.633Z] [functions] Got req.url=/storyme-app-d02d2/asia-northeast1/analyzeAppearance, mapping to path=/ {"metadata":{"emulator":{"name":"functions"},"message":"[functions] Got req.url=/storyme-app-d02d2/asia-northeast1/analyzeAppearance, mapping to path=/"}}
[info] i  functions: Loaded environment variables from .env. 
[debug] [2026-04-20T06:24:59.641Z] [worker-pool] addWorker(asia-northeast1-analyzeAppearance) {"metadata":{"emulator":{"name":"functions"},"message":"[worker-pool] addWorker(asia-northeast1-analyzeAppearance)"}}
[debug] [2026-04-20T06:24:59.642Z] [worker-pool] Adding worker with key asia-northeast1-analyzeAppearance, total=1 {"metadata":{"emulator":{"name":"functions"},"message":"[worker-pool] Adding worker with key asia-northeast1-analyzeAppearance, total=1"}}
[debug] [2026-04-20T06:25:00.141Z] [runtime-status] [4102] Resolved module firebase-admin {"declared":true,"installed":true,"version":"12.7.0","resolution":"/Users/yxk/Downloads/yxkapp/test1/functions/node_modules/firebase-admin/lib/index.js"} {"metadata":{"emulator":{"name":"functions"},"function":{"name":"asia-northeast1-analyzeAppearance"},"extension":{},"message":"[runtime-status] [4102] Resolved module firebase-admin {\"declared\":true,\"installed\":true,\"version\":\"12.7.0\",\"resolution\":\"/Users/yxk/Downloads/yxkapp/test1/functions/node_modules/firebase-admin/lib/index.js\"}"}}
[debug] [2026-04-20T06:25:00.141Z] [runtime-status] [4102] Resolved module firebase-functions {"declared":true,"installed":true,"version":"5.1.1","resolution":"/Users/yxk/Downloads/yxkapp/test1/functions/node_modules/firebase-functions/lib/v1/index.js"} {"metadata":{"emulator":{"name":"functions"},"function":{"name":"asia-northeast1-analyzeAppearance"},"extension":{},"message":"[runtime-status] [4102] Resolved module firebase-functions {\"declared\":true,\"installed\":true,\"version\":\"5.1.1\",\"resolution\":\"/Users/yxk/Downloads/yxkapp/test1/functions/node_modules/firebase-functions/lib/v1/index.js\"}"}}
[debug] [2026-04-20T06:25:00.141Z] [runtime-status] [4102] Outgoing network have been stubbed. [{"name":"http","status":"mocked"},{"name":"http","status":"mocked"},{"name":"https","status":"mocked"},{"name":"https","status":"mocked"},{"name":"net","status":"mocked"}] {"metadata":{"emulator":{"name":"functions"},"function":{"name":"asia-northeast1-analyzeAppearance"},"extension":{},"message":"[runtime-status] [4102] Outgoing network have been stubbed. [{\"name\":\"http\",\"status\":\"mocked\"},{\"name\":\"http\",\"status\":\"mocked\"},{\"name\":\"https\",\"status\":\"mocked\"},{\"name\":\"https\",\"status\":\"mocked\"},{\"name\":\"net\",\"status\":\"mocked\"}]"}}
[debug] [2026-04-20T06:25:00.141Z] [runtime-status] [4102] Resolved module firebase-functions {"declared":true,"installed":true,"version":"5.1.1","resolution":"/Users/yxk/Downloads/yxkapp/test1/functions/node_modules/firebase-functions/lib/v1/index.js"} {"metadata":{"emulator":{"name":"functions"},"function":{"name":"asia-northeast1-analyzeAppearance"},"extension":{},"message":"[runtime-status] [4102] Resolved module firebase-functions {\"declared\":true,\"installed\":true,\"version\":\"5.1.1\",\"resolution\":\"/Users/yxk/Downloads/yxkapp/test1/functions/node_modules/firebase-functions/lib/v1/index.js\"}"}}
[debug] [2026-04-20T06:25:00.186Z] [runtime-status] [4102] Resolved module firebase-admin {"declared":true,"installed":true,"version":"12.7.0","resolution":"/Users/yxk/Downloads/yxkapp/test1/functions/node_modules/firebase-admin/lib/index.js"} {"metadata":{"emulator":{"name":"functions"},"function":{"name":"asia-northeast1-analyzeAppearance"},"extension":{},"message":"[runtime-status] [4102] Resolved module firebase-admin {\"declared\":true,\"installed\":true,\"version\":\"12.7.0\",\"resolution\":\"/Users/yxk/Downloads/yxkapp/test1/functions/node_modules/firebase-admin/lib/index.js\"}"}}
[debug] [2026-04-20T06:25:00.187Z] [runtime-status] [4102] Resolved module firebase-functions {"declared":true,"installed":true,"version":"5.1.1","resolution":"/Users/yxk/Downloads/yxkapp/test1/functions/node_modules/firebase-functions/lib/v1/index.js"} {"metadata":{"emulator":{"name":"functions"},"function":{"name":"asia-northeast1-analyzeAppearance"},"extension":{},"message":"[runtime-status] [4102] Resolved module firebase-functions {\"declared\":true,\"installed\":true,\"version\":\"5.1.1\",\"resolution\":\"/Users/yxk/Downloads/yxkapp/test1/functions/node_modules/firebase-functions/lib/v1/index.js\"}"}}
[debug] [2026-04-20T06:25:00.250Z] [runtime-status] [4102] firebase-admin has been stubbed. {"adminResolution":{"declared":true,"installed":true,"version":"12.7.0","resolution":"/Users/yxk/Downloads/yxkapp/test1/functions/node_modules/firebase-admin/lib/index.js"}} {"metadata":{"emulator":{"name":"functions"},"function":{"name":"asia-northeast1-analyzeAppearance"},"extension":{},"message":"[runtime-status] [4102] firebase-admin has been stubbed. {\"adminResolution\":{\"declared\":true,\"installed\":true,\"version\":\"12.7.0\",\"resolution\":\"/Users/yxk/Downloads/yxkapp/test1/functions/node_modules/firebase-admin/lib/index.js\"}}"}}
[debug] [2026-04-20T06:25:00.253Z] [runtime-status] [4102] Functions runtime initialized. {"cwd":"/Users/yxk/Downloads/yxkapp/test1/functions","node_version":"22.14.0"} {"metadata":{"emulator":{"name":"functions"},"function":{"name":"asia-northeast1-analyzeAppearance"},"extension":{},"message":"[runtime-status] [4102] Functions runtime initialized. {\"cwd\":\"/Users/yxk/Downloads/yxkapp/test1/functions\",\"node_version\":\"22.14.0\"}"}}
[debug] [2026-04-20T06:25:00.254Z] [runtime-status] [4102] Listening to port: /var/folders/sz/qxcgz26534x79qtn2k14_3180000gn/T/fire_emu_4734655866f7d733.sock {"metadata":{"emulator":{"name":"functions"},"function":{"name":"asia-northeast1-analyzeAppearance"},"extension":{},"message":"[runtime-status] [4102] Listening to port: /var/folders/sz/qxcgz26534x79qtn2k14_3180000gn/T/fire_emu_4734655866f7d733.sock"}}
[debug] [2026-04-20T06:25:00.356Z] [worker-asia-northeast1-analyzeAppearance-b714b771-7ca1-4aa9-bec5-faeee802b049]: IDLE {"metadata":{"emulator":{"name":"functions"},"function":{"name":"asia-northeast1-analyzeAppearance"},"extension":{},"message":"[worker-asia-northeast1-analyzeAppearance-b714b771-7ca1-4aa9-bec5-faeee802b049]: IDLE"}}
[debug] [2026-04-20T06:25:00.357Z] [worker-pool] submitRequest(triggerId=asia-northeast1-analyzeAppearance) {"metadata":{"emulator":{"name":"functions"},"message":"[worker-pool] submitRequest(triggerId=asia-northeast1-analyzeAppearance)"}}
[info] i  functions: Beginning execution of "asia-northeast1-analyzeAppearance" {"metadata":{"emulator":{"name":"functions"},"function":{"name":"asia-northeast1-analyzeAppearance"},"extension":{},"message":"Beginning execution of \"asia-northeast1-analyzeAppearance\""}}
[debug] [2026-04-20T06:25:00.358Z] [worker-asia-northeast1-analyzeAppearance-b714b771-7ca1-4aa9-bec5-faeee802b049]: BUSY {"metadata":{"emulator":{"name":"functions"},"function":{"name":"asia-northeast1-analyzeAppearance"},"extension":{},"message":"[worker-asia-northeast1-analyzeAppearance-b714b771-7ca1-4aa9-bec5-faeee802b049]: BUSY"}}
[info] >  {"verifications":{"app":"MISSING","auth":"VALID"},"logging.googleapis.com/labels":{"firebase-log-type":"callable-request-verification"},"severity":"DEBUG","message":"Callable request verification passed"} {"user":{"verifications":{"app":"MISSING","auth":"VALID"},"logging.googleapis.com/labels":{"firebase-log-type":"callable-request-verification"},"severity":"DEBUG","message":"Callable request verification passed"},"metadata":{"emulator":{"name":"functions"},"function":{"name":"asia-northeast1-analyzeAppearance"},"extension":{},"message":"\u001b[90m> \u001b[39m {\"verifications\":{\"app\":\"MISSING\",\"auth\":\"VALID\"},\"logging.googleapis.com/labels\":{\"firebase-log-type\":\"callable-request-verification\"},\"severity\":\"DEBUG\",\"message\":\"Callable request verification passed\"}"}}
[info] >  {"promptLength":394,"imageCount":1,"prompt":"You are a children's book illustrator assistant. Analyze the child in these photos and return ONLY a concise appearance description in English (max 40 words). Cover: hair color and style, eye color/shape, skin tone, face shape. Example output: 'A young girl with curly auburn hair, bright green eyes, fair skin, and a round cheerful face.' Do not include names, clothing, or background details.","severity":"INFO","message":"analyzeAppearance called"} {"user":{"promptLength":394,"imageCount":1,"prompt":"You are a children's book illustrator assistant. Analyze the child in these photos and return ONLY a concise appearance description in English (max 40 words). Cover: hair color and style, eye color/shape, skin tone, face shape. Example output: 'A young girl with curly auburn hair, bright green eyes, fair skin, and a round cheerful face.' Do not include names, clothing, or background details.","severity":"INFO","message":"analyzeAppearance called"},"metadata":{"emulator":{"name":"functions"},"function":{"name":"asia-northeast1-analyzeAppearance"},"extension":{},"message":"\u001b[90m> \u001b[39m {\"promptLength\":394,\"imageCount\":1,\"prompt\":\"You are a children's book illustrator assistant. Analyze the child in these photos and return ONLY a concise appearance description in English (max 40 words). Cover: hair color and style, eye color/shape, skin tone, face shape. Example output: 'A young girl with curly auburn hair, bright green eyes, fair skin, and a round cheerful face.' Do not include names, clothing, or background details.\",\"severity\":\"INFO\",\"message\":\"analyzeAppearance called\"}"}}
[info] >  {"resultLength":98,"severity":"INFO","message":"analyzeAppearance success"} {"user":{"resultLength":98,"severity":"INFO","message":"analyzeAppearance success"},"metadata":{"emulator":{"name":"functions"},"function":{"name":"asia-northeast1-analyzeAppearance"},"extension":{},"message":"\u001b[90m> \u001b[39m {\"resultLength\":98,\"severity\":\"INFO\",\"message\":\"analyzeAppearance success\"}"}}
[debug] [2026-04-20T06:25:20.740Z] Finishing up request with event=pause {"metadata":{"emulator":{"name":"functions"},"function":{"name":"asia-northeast1-analyzeAppearance"},"extension":{},"message":"Finishing up request with event=pause"}}
[info] i  functions: Finished "asia-northeast1-analyzeAppearance" in 20382.731417ms {"metadata":{"emulator":{"name":"functions"},"function":{"name":"asia-northeast1-analyzeAppearance"},"extension":{},"message":"Finished \"asia-northeast1-analyzeAppearance\" in 20382.731417ms"}}
[debug] [2026-04-20T06:25:20.741Z] [worker-asia-northeast1-analyzeAppearance-b714b771-7ca1-4aa9-bec5-faeee802b049]: IDLE {"metadata":{"emulator":{"name":"functions"},"function":{"name":"asia-northeast1-analyzeAppearance"},"extension":{},"message":"[worker-asia-northeast1-analyzeAppearance-b714b771-7ca1-4aa9-bec5-faeee802b049]: IDLE"}}
[debug] [2026-04-20T06:25:20.742Z] Finishing up request with event=finish {"metadata":{"emulator":{"name":"functions"},"function":{"name":"asia-northeast1-analyzeAppearance"},"extension":{},"message":"Finishing up request with event=finish"}}
[debug] [2026-04-20T06:25:20.742Z] Finishing up request with event=close {"metadata":{"emulator":{"name":"functions"},"function":{"name":"asia-northeast1-analyzeAppearance"},"extension":{},"message":"Finishing up request with event=close"}}
[debug] [2026-04-20T06:25:20.742Z] [work-queue] {"queuedWork":[],"queueLength":0,"runningWork":[],"workRunningCount":0}
[debug] [2026-04-20T06:25:46.595Z] [work-queue] {"queuedWork":["/storyme-app-d02d2/asia-northeast1/generateStory-2026-04-20T06:25:46.595Z"],"queueLength":1,"runningWork":[],"workRunningCount":0}
[debug] [2026-04-20T06:25:46.595Z] [work-queue] {"queuedWork":[],"queueLength":0,"runningWork":["/storyme-app-d02d2/asia-northeast1/generateStory-2026-04-20T06:25:46.595Z"],"workRunningCount":1}
[debug] [2026-04-20T06:25:46.595Z] Accepted request POST /storyme-app-d02d2/asia-northeast1/generateStory --> asia-northeast1-generateStory
[debug] [2026-04-20T06:25:46.596Z] [functions] Runtime ready! Sending request! {"metadata":{"emulator":{"name":"functions"},"message":"[functions] Runtime ready! Sending request!"}}
[debug] [2026-04-20T06:25:46.596Z] [functions] Got req.url=/storyme-app-d02d2/asia-northeast1/generateStory, mapping to path=/ {"metadata":{"emulator":{"name":"functions"},"message":"[functions] Got req.url=/storyme-app-d02d2/asia-northeast1/generateStory, mapping to path=/"}}
[info] i  functions: Loaded environment variables from .env. 
[debug] [2026-04-20T06:25:46.600Z] [worker-pool] addWorker(asia-northeast1-generateStory) {"metadata":{"emulator":{"name":"functions"},"message":"[worker-pool] addWorker(asia-northeast1-generateStory)"}}
[debug] [2026-04-20T06:25:46.600Z] [worker-pool] Adding worker with key asia-northeast1-generateStory, total=1 {"metadata":{"emulator":{"name":"functions"},"message":"[worker-pool] Adding worker with key asia-northeast1-generateStory, total=1"}}
[debug] [2026-04-20T06:25:47.058Z] [runtime-status] [4134] Resolved module firebase-admin {"declared":true,"installed":true,"version":"12.7.0","resolution":"/Users/yxk/Downloads/yxkapp/test1/functions/node_modules/firebase-admin/lib/index.js"} {"metadata":{"emulator":{"name":"functions"},"function":{"name":"asia-northeast1-generateStory"},"extension":{},"message":"[runtime-status] [4134] Resolved module firebase-admin {\"declared\":true,\"installed\":true,\"version\":\"12.7.0\",\"resolution\":\"/Users/yxk/Downloads/yxkapp/test1/functions/node_modules/firebase-admin/lib/index.js\"}"}}
[debug] [2026-04-20T06:25:47.058Z] [runtime-status] [4134] Resolved module firebase-functions {"declared":true,"installed":true,"version":"5.1.1","resolution":"/Users/yxk/Downloads/yxkapp/test1/functions/node_modules/firebase-functions/lib/v1/index.js"} {"metadata":{"emulator":{"name":"functions"},"function":{"name":"asia-northeast1-generateStory"},"extension":{},"message":"[runtime-status] [4134] Resolved module firebase-functions {\"declared\":true,\"installed\":true,\"version\":\"5.1.1\",\"resolution\":\"/Users/yxk/Downloads/yxkapp/test1/functions/node_modules/firebase-functions/lib/v1/index.js\"}"}}
[debug] [2026-04-20T06:25:47.058Z] [runtime-status] [4134] Outgoing network have been stubbed. [{"name":"http","status":"mocked"},{"name":"http","status":"mocked"},{"name":"https","status":"mocked"},{"name":"https","status":"mocked"},{"name":"net","status":"mocked"}] {"metadata":{"emulator":{"name":"functions"},"function":{"name":"asia-northeast1-generateStory"},"extension":{},"message":"[runtime-status] [4134] Outgoing network have been stubbed. [{\"name\":\"http\",\"status\":\"mocked\"},{\"name\":\"http\",\"status\":\"mocked\"},{\"name\":\"https\",\"status\":\"mocked\"},{\"name\":\"https\",\"status\":\"mocked\"},{\"name\":\"net\",\"status\":\"mocked\"}]"}}
[debug] [2026-04-20T06:25:47.059Z] [runtime-status] [4134] Resolved module firebase-functions {"declared":true,"installed":true,"version":"5.1.1","resolution":"/Users/yxk/Downloads/yxkapp/test1/functions/node_modules/firebase-functions/lib/v1/index.js"} {"metadata":{"emulator":{"name":"functions"},"function":{"name":"asia-northeast1-generateStory"},"extension":{},"message":"[runtime-status] [4134] Resolved module firebase-functions {\"declared\":true,\"installed\":true,\"version\":\"5.1.1\",\"resolution\":\"/Users/yxk/Downloads/yxkapp/test1/functions/node_modules/firebase-functions/lib/v1/index.js\"}"}}
[debug] [2026-04-20T06:25:47.098Z] [runtime-status] [4134] Resolved module firebase-admin {"declared":true,"installed":true,"version":"12.7.0","resolution":"/Users/yxk/Downloads/yxkapp/test1/functions/node_modules/firebase-admin/lib/index.js"} {"metadata":{"emulator":{"name":"functions"},"function":{"name":"asia-northeast1-generateStory"},"extension":{},"message":"[runtime-status] [4134] Resolved module firebase-admin {\"declared\":true,\"installed\":true,\"version\":\"12.7.0\",\"resolution\":\"/Users/yxk/Downloads/yxkapp/test1/functions/node_modules/firebase-admin/lib/index.js\"}"}}
[debug] [2026-04-20T06:25:47.100Z] [runtime-status] [4134] Resolved module firebase-functions {"declared":true,"installed":true,"version":"5.1.1","resolution":"/Users/yxk/Downloads/yxkapp/test1/functions/node_modules/firebase-functions/lib/v1/index.js"} {"metadata":{"emulator":{"name":"functions"},"function":{"name":"asia-northeast1-generateStory"},"extension":{},"message":"[runtime-status] [4134] Resolved module firebase-functions {\"declared\":true,\"installed\":true,\"version\":\"5.1.1\",\"resolution\":\"/Users/yxk/Downloads/yxkapp/test1/functions/node_modules/firebase-functions/lib/v1/index.js\"}"}}
[debug] [2026-04-20T06:25:47.150Z] [runtime-status] [4134] firebase-admin has been stubbed. {"adminResolution":{"declared":true,"installed":true,"version":"12.7.0","resolution":"/Users/yxk/Downloads/yxkapp/test1/functions/node_modules/firebase-admin/lib/index.js"}} {"metadata":{"emulator":{"name":"functions"},"function":{"name":"asia-northeast1-generateStory"},"extension":{},"message":"[runtime-status] [4134] firebase-admin has been stubbed. {\"adminResolution\":{\"declared\":true,\"installed\":true,\"version\":\"12.7.0\",\"resolution\":\"/Users/yxk/Downloads/yxkapp/test1/functions/node_modules/firebase-admin/lib/index.js\"}}"}}
[debug] [2026-04-20T06:25:47.153Z] [runtime-status] [4134] Functions runtime initialized. {"cwd":"/Users/yxk/Downloads/yxkapp/test1/functions","node_version":"22.14.0"} {"metadata":{"emulator":{"name":"functions"},"function":{"name":"asia-northeast1-generateStory"},"extension":{},"message":"[runtime-status] [4134] Functions runtime initialized. {\"cwd\":\"/Users/yxk/Downloads/yxkapp/test1/functions\",\"node_version\":\"22.14.0\"}"}}
[debug] [2026-04-20T06:25:47.153Z] [runtime-status] [4134] Listening to port: /var/folders/sz/qxcgz26534x79qtn2k14_3180000gn/T/fire_emu_eca30b235b0857a7.sock {"metadata":{"emulator":{"name":"functions"},"function":{"name":"asia-northeast1-generateStory"},"extension":{},"message":"[runtime-status] [4134] Listening to port: /var/folders/sz/qxcgz26534x79qtn2k14_3180000gn/T/fire_emu_eca30b235b0857a7.sock"}}
[debug] [2026-04-20T06:25:47.212Z] [worker-asia-northeast1-generateStory-38bfd5bd-50e1-40e0-8c85-e6db0f9d2954]: IDLE {"metadata":{"emulator":{"name":"functions"},"function":{"name":"asia-northeast1-generateStory"},"extension":{},"message":"[worker-asia-northeast1-generateStory-38bfd5bd-50e1-40e0-8c85-e6db0f9d2954]: IDLE"}}
[debug] [2026-04-20T06:25:47.212Z] [worker-pool] submitRequest(triggerId=asia-northeast1-generateStory) {"metadata":{"emulator":{"name":"functions"},"message":"[worker-pool] submitRequest(triggerId=asia-northeast1-generateStory)"}}
[info] i  functions: Beginning execution of "asia-northeast1-generateStory" {"metadata":{"emulator":{"name":"functions"},"function":{"name":"asia-northeast1-generateStory"},"extension":{},"message":"Beginning execution of \"asia-northeast1-generateStory\""}}
[debug] [2026-04-20T06:25:47.212Z] [worker-asia-northeast1-generateStory-38bfd5bd-50e1-40e0-8c85-e6db0f9d2954]: BUSY {"metadata":{"emulator":{"name":"functions"},"function":{"name":"asia-northeast1-generateStory"},"extension":{},"message":"[worker-asia-northeast1-generateStory-38bfd5bd-50e1-40e0-8c85-e6db0f9d2954]: BUSY"}}
[info] >  {"verifications":{"app":"MISSING","auth":"VALID"},"logging.googleapis.com/labels":{"firebase-log-type":"callable-request-verification"},"severity":"DEBUG","message":"Callable request verification passed"} {"user":{"verifications":{"app":"MISSING","auth":"VALID"},"logging.googleapis.com/labels":{"firebase-log-type":"callable-request-verification"},"severity":"DEBUG","message":"Callable request verification passed"},"metadata":{"emulator":{"name":"functions"},"function":{"name":"asia-northeast1-generateStory"},"extension":{},"message":"\u001b[90m> \u001b[39m {\"verifications\":{\"app\":\"MISSING\",\"auth\":\"VALID\"},\"logging.googleapis.com/labels\":{\"firebase-log-type\":\"callable-request-verification\"},\"severity\":\"DEBUG\",\"message\":\"Callable request verification passed\"}"}}
[info] >  {"childName":"Emma","theme":"Emma play in the spring sunlight garden","style":"Warm & Cozy","pageCount":1,"severity":"INFO","message":"generateStory called"} {"user":{"childName":"Emma","theme":"Emma play in the spring sunlight garden","style":"Warm & Cozy","pageCount":1,"severity":"INFO","message":"generateStory called"},"metadata":{"emulator":{"name":"functions"},"function":{"name":"asia-northeast1-generateStory"},"extension":{},"message":"\u001b[90m> \u001b[39m {\"childName\":\"Emma\",\"theme\":\"Emma play in the spring sunlight garden\",\"style\":\"Warm & Cozy\",\"pageCount\":1,\"severity\":\"INFO\",\"message\":\"generateStory called\"}"}}
[info] >  {"childName":"Emma","contentLength":1667,"severity":"INFO","message":"generateStory success"} {"user":{"childName":"Emma","contentLength":1667,"severity":"INFO","message":"generateStory success"},"metadata":{"emulator":{"name":"functions"},"function":{"name":"asia-northeast1-generateStory"},"extension":{},"message":"\u001b[90m> \u001b[39m {\"childName\":\"Emma\",\"contentLength\":1667,\"severity\":\"INFO\",\"message\":\"generateStory success\"}"}}
[debug] [2026-04-20T06:26:34.420Z] Finishing up request with event=pause {"metadata":{"emulator":{"name":"functions"},"function":{"name":"asia-northeast1-generateStory"},"extension":{},"message":"Finishing up request with event=pause"}}
[info] i  functions: Finished "asia-northeast1-generateStory" in 47208.589208ms {"metadata":{"emulator":{"name":"functions"},"function":{"name":"asia-northeast1-generateStory"},"extension":{},"message":"Finished \"asia-northeast1-generateStory\" in 47208.589208ms"}}
[debug] [2026-04-20T06:26:34.421Z] [worker-asia-northeast1-generateStory-38bfd5bd-50e1-40e0-8c85-e6db0f9d2954]: IDLE {"metadata":{"emulator":{"name":"functions"},"function":{"name":"asia-northeast1-generateStory"},"extension":{},"message":"[worker-asia-northeast1-generateStory-38bfd5bd-50e1-40e0-8c85-e6db0f9d2954]: IDLE"}}
[debug] [2026-04-20T06:26:34.421Z] Finishing up request with event=finish {"metadata":{"emulator":{"name":"functions"},"function":{"name":"asia-northeast1-generateStory"},"extension":{},"message":"Finishing up request with event=finish"}}
[debug] [2026-04-20T06:26:34.421Z] Finishing up request with event=close {"metadata":{"emulator":{"name":"functions"},"function":{"name":"asia-northeast1-generateStory"},"extension":{},"message":"Finishing up request with event=close"}}
[debug] [2026-04-20T06:26:34.421Z] [work-queue] {"queuedWork":[],"queueLength":0,"runningWork":[],"workRunningCount":0}
[debug] [2026-04-20T06:26:34.439Z] [work-queue] {"queuedWork":["/storyme-app-d02d2/asia-northeast1/generateImage-2026-04-20T06:26:34.439Z"],"queueLength":1,"runningWork":[],"workRunningCount":0}
[debug] [2026-04-20T06:26:34.439Z] [work-queue] {"queuedWork":[],"queueLength":0,"runningWork":["/storyme-app-d02d2/asia-northeast1/generateImage-2026-04-20T06:26:34.439Z"],"workRunningCount":1}
[debug] [2026-04-20T06:26:34.440Z] Accepted request POST /storyme-app-d02d2/asia-northeast1/generateImage --> asia-northeast1-generateImage
[debug] [2026-04-20T06:26:34.440Z] [functions] Runtime ready! Sending request! {"metadata":{"emulator":{"name":"functions"},"message":"[functions] Runtime ready! Sending request!"}}
[debug] [2026-04-20T06:26:34.441Z] [functions] Got req.url=/storyme-app-d02d2/asia-northeast1/generateImage, mapping to path=/ {"metadata":{"emulator":{"name":"functions"},"message":"[functions] Got req.url=/storyme-app-d02d2/asia-northeast1/generateImage, mapping to path=/"}}
[info] i  functions: Loaded environment variables from .env. 
[debug] [2026-04-20T06:26:34.443Z] [worker-pool] addWorker(asia-northeast1-generateImage) {"metadata":{"emulator":{"name":"functions"},"message":"[worker-pool] addWorker(asia-northeast1-generateImage)"}}
[debug] [2026-04-20T06:26:34.444Z] [worker-pool] Adding worker with key asia-northeast1-generateImage, total=1 {"metadata":{"emulator":{"name":"functions"},"message":"[worker-pool] Adding worker with key asia-northeast1-generateImage, total=1"}}
[debug] [2026-04-20T06:26:34.445Z] [work-queue] {"queuedWork":["/storyme-app-d02d2/asia-northeast1/generateImage-2026-04-20T06:26:34.445Z"],"queueLength":1,"runningWork":["/storyme-app-d02d2/asia-northeast1/generateImage-2026-04-20T06:26:34.439Z"],"workRunningCount":1}
[debug] [2026-04-20T06:26:34.445Z] [work-queue] {"queuedWork":[],"queueLength":0,"runningWork":["/storyme-app-d02d2/asia-northeast1/generateImage-2026-04-20T06:26:34.439Z","/storyme-app-d02d2/asia-northeast1/generateImage-2026-04-20T06:26:34.445Z"],"workRunningCount":2}
[debug] [2026-04-20T06:26:34.445Z] Accepted request POST /storyme-app-d02d2/asia-northeast1/generateImage --> asia-northeast1-generateImage
[debug] [2026-04-20T06:26:34.446Z] [functions] Runtime ready! Sending request! {"metadata":{"emulator":{"name":"functions"},"message":"[functions] Runtime ready! Sending request!"}}
[debug] [2026-04-20T06:26:34.446Z] [functions] Got req.url=/storyme-app-d02d2/asia-northeast1/generateImage, mapping to path=/ {"metadata":{"emulator":{"name":"functions"},"message":"[functions] Got req.url=/storyme-app-d02d2/asia-northeast1/generateImage, mapping to path=/"}}
[info] i  functions: Loaded environment variables from .env. 
[debug] [2026-04-20T06:26:34.448Z] [worker-pool] addWorker(asia-northeast1-generateImage) {"metadata":{"emulator":{"name":"functions"},"message":"[worker-pool] addWorker(asia-northeast1-generateImage)"}}
[debug] [2026-04-20T06:26:34.448Z] [worker-pool] Adding worker with key asia-northeast1-generateImage, total=2 {"metadata":{"emulator":{"name":"functions"},"message":"[worker-pool] Adding worker with key asia-northeast1-generateImage, total=2"}}
[debug] [2026-04-20T06:26:34.449Z] [work-queue] {"queuedWork":["/storyme-app-d02d2/asia-northeast1/generateImage-2026-04-20T06:26:34.449Z"],"queueLength":1,"runningWork":["/storyme-app-d02d2/asia-northeast1/generateImage-2026-04-20T06:26:34.439Z","/storyme-app-d02d2/asia-northeast1/generateImage-2026-04-20T06:26:34.445Z"],"workRunningCount":2}
[debug] [2026-04-20T06:26:34.449Z] [work-queue] {"queuedWork":[],"queueLength":0,"runningWork":["/storyme-app-d02d2/asia-northeast1/generateImage-2026-04-20T06:26:34.439Z","/storyme-app-d02d2/asia-northeast1/generateImage-2026-04-20T06:26:34.445Z","/storyme-app-d02d2/asia-northeast1/generateImage-2026-04-20T06:26:34.449Z"],"workRunningCount":3}
[debug] [2026-04-20T06:26:34.449Z] Accepted request POST /storyme-app-d02d2/asia-northeast1/generateImage --> asia-northeast1-generateImage
[debug] [2026-04-20T06:26:34.449Z] [functions] Runtime ready! Sending request! {"metadata":{"emulator":{"name":"functions"},"message":"[functions] Runtime ready! Sending request!"}}
[debug] [2026-04-20T06:26:34.449Z] [functions] Got req.url=/storyme-app-d02d2/asia-northeast1/generateImage, mapping to path=/ {"metadata":{"emulator":{"name":"functions"},"message":"[functions] Got req.url=/storyme-app-d02d2/asia-northeast1/generateImage, mapping to path=/"}}
[info] i  functions: Loaded environment variables from .env. 
[debug] [2026-04-20T06:26:34.452Z] [worker-pool] addWorker(asia-northeast1-generateImage) {"metadata":{"emulator":{"name":"functions"},"message":"[worker-pool] addWorker(asia-northeast1-generateImage)"}}
[debug] [2026-04-20T06:26:34.452Z] [worker-pool] Adding worker with key asia-northeast1-generateImage, total=3 {"metadata":{"emulator":{"name":"functions"},"message":"[worker-pool] Adding worker with key asia-northeast1-generateImage, total=3"}}
[debug] [2026-04-20T06:26:34.453Z] [work-queue] {"queuedWork":["/storyme-app-d02d2/asia-northeast1/generateImage-2026-04-20T06:26:34.453Z"],"queueLength":1,"runningWork":["/storyme-app-d02d2/asia-northeast1/generateImage-2026-04-20T06:26:34.439Z","/storyme-app-d02d2/asia-northeast1/generateImage-2026-04-20T06:26:34.445Z","/storyme-app-d02d2/asia-northeast1/generateImage-2026-04-20T06:26:34.449Z"],"workRunningCount":3}
[debug] [2026-04-20T06:26:34.453Z] [work-queue] {"queuedWork":[],"queueLength":0,"runningWork":["/storyme-app-d02d2/asia-northeast1/generateImage-2026-04-20T06:26:34.439Z","/storyme-app-d02d2/asia-northeast1/generateImage-2026-04-20T06:26:34.445Z","/storyme-app-d02d2/asia-northeast1/generateImage-2026-04-20T06:26:34.449Z","/storyme-app-d02d2/asia-northeast1/generateImage-2026-04-20T06:26:34.453Z"],"workRunningCount":4}
[debug] [2026-04-20T06:26:34.453Z] Accepted request POST /storyme-app-d02d2/asia-northeast1/generateImage --> asia-northeast1-generateImage
[debug] [2026-04-20T06:26:34.453Z] [functions] Runtime ready! Sending request! {"metadata":{"emulator":{"name":"functions"},"message":"[functions] Runtime ready! Sending request!"}}
[debug] [2026-04-20T06:26:34.453Z] [functions] Got req.url=/storyme-app-d02d2/asia-northeast1/generateImage, mapping to path=/ {"metadata":{"emulator":{"name":"functions"},"message":"[functions] Got req.url=/storyme-app-d02d2/asia-northeast1/generateImage, mapping to path=/"}}
[info] i  functions: Loaded environment variables from .env. 
[debug] [2026-04-20T06:26:34.456Z] [worker-pool] addWorker(asia-northeast1-generateImage) {"metadata":{"emulator":{"name":"functions"},"message":"[worker-pool] addWorker(asia-northeast1-generateImage)"}}
[debug] [2026-04-20T06:26:34.456Z] [worker-pool] Adding worker with key asia-northeast1-generateImage, total=4 {"metadata":{"emulator":{"name":"functions"},"message":"[worker-pool] Adding worker with key asia-northeast1-generateImage, total=4"}}
[debug] [2026-04-20T06:26:34.970Z] [runtime-status] [4173] Resolved module firebase-admin {"declared":true,"installed":true,"version":"12.7.0","resolution":"/Users/yxk/Downloads/yxkapp/test1/functions/node_modules/firebase-admin/lib/index.js"} {"metadata":{"emulator":{"name":"functions"},"function":{"name":"asia-northeast1-generateImage"},"extension":{},"message":"[runtime-status] [4173] Resolved module firebase-admin {\"declared\":true,\"installed\":true,\"version\":\"12.7.0\",\"resolution\":\"/Users/yxk/Downloads/yxkapp/test1/functions/node_modules/firebase-admin/lib/index.js\"}"}}
[debug] [2026-04-20T06:26:34.970Z] [runtime-status] [4175] Resolved module firebase-admin {"declared":true,"installed":true,"version":"12.7.0","resolution":"/Users/yxk/Downloads/yxkapp/test1/functions/node_modules/firebase-admin/lib/index.js"} {"metadata":{"emulator":{"name":"functions"},"function":{"name":"asia-northeast1-generateImage"},"extension":{},"message":"[runtime-status] [4175] Resolved module firebase-admin {\"declared\":true,\"installed\":true,\"version\":\"12.7.0\",\"resolution\":\"/Users/yxk/Downloads/yxkapp/test1/functions/node_modules/firebase-admin/lib/index.js\"}"}}
[debug] [2026-04-20T06:26:34.970Z] [runtime-status] [4174] Resolved module firebase-admin {"declared":true,"installed":true,"version":"12.7.0","resolution":"/Users/yxk/Downloads/yxkapp/test1/functions/node_modules/firebase-admin/lib/index.js"} {"metadata":{"emulator":{"name":"functions"},"function":{"name":"asia-northeast1-generateImage"},"extension":{},"message":"[runtime-status] [4174] Resolved module firebase-admin {\"declared\":true,\"installed\":true,\"version\":\"12.7.0\",\"resolution\":\"/Users/yxk/Downloads/yxkapp/test1/functions/node_modules/firebase-admin/lib/index.js\"}"}}
[debug] [2026-04-20T06:26:34.970Z] [runtime-status] [4176] Resolved module firebase-admin {"declared":true,"installed":true,"version":"12.7.0","resolution":"/Users/yxk/Downloads/yxkapp/test1/functions/node_modules/firebase-admin/lib/index.js"} {"metadata":{"emulator":{"name":"functions"},"function":{"name":"asia-northeast1-generateImage"},"extension":{},"message":"[runtime-status] [4176] Resolved module firebase-admin {\"declared\":true,\"installed\":true,\"version\":\"12.7.0\",\"resolution\":\"/Users/yxk/Downloads/yxkapp/test1/functions/node_modules/firebase-admin/lib/index.js\"}"}}
[debug] [2026-04-20T06:26:34.970Z] [runtime-status] [4173] Resolved module firebase-functions {"declared":true,"installed":true,"version":"5.1.1","resolution":"/Users/yxk/Downloads/yxkapp/test1/functions/node_modules/firebase-functions/lib/v1/index.js"} {"metadata":{"emulator":{"name":"functions"},"function":{"name":"asia-northeast1-generateImage"},"extension":{},"message":"[runtime-status] [4173] Resolved module firebase-functions {\"declared\":true,\"installed\":true,\"version\":\"5.1.1\",\"resolution\":\"/Users/yxk/Downloads/yxkapp/test1/functions/node_modules/firebase-functions/lib/v1/index.js\"}"}}
[debug] [2026-04-20T06:26:34.971Z] [runtime-status] [4174] Resolved module firebase-functions {"declared":true,"installed":true,"version":"5.1.1","resolution":"/Users/yxk/Downloads/yxkapp/test1/functions/node_modules/firebase-functions/lib/v1/index.js"} {"metadata":{"emulator":{"name":"functions"},"function":{"name":"asia-northeast1-generateImage"},"extension":{},"message":"[runtime-status] [4174] Resolved module firebase-functions {\"declared\":true,\"installed\":true,\"version\":\"5.1.1\",\"resolution\":\"/Users/yxk/Downloads/yxkapp/test1/functions/node_modules/firebase-functions/lib/v1/index.js\"}"}}
[debug] [2026-04-20T06:26:34.971Z] [runtime-status] [4174] Outgoing network have been stubbed. [{"name":"http","status":"mocked"},{"name":"http","status":"mocked"},{"name":"https","status":"mocked"},{"name":"https","status":"mocked"},{"name":"net","status":"mocked"}] {"metadata":{"emulator":{"name":"functions"},"function":{"name":"asia-northeast1-generateImage"},"extension":{},"message":"[runtime-status] [4174] Outgoing network have been stubbed. [{\"name\":\"http\",\"status\":\"mocked\"},{\"name\":\"http\",\"status\":\"mocked\"},{\"name\":\"https\",\"status\":\"mocked\"},{\"name\":\"https\",\"status\":\"mocked\"},{\"name\":\"net\",\"status\":\"mocked\"}]"}}
[debug] [2026-04-20T06:26:34.971Z] [runtime-status] [4175] Resolved module firebase-functions {"declared":true,"installed":true,"version":"5.1.1","resolution":"/Users/yxk/Downloads/yxkapp/test1/functions/node_modules/firebase-functions/lib/v1/index.js"} {"metadata":{"emulator":{"name":"functions"},"function":{"name":"asia-northeast1-generateImage"},"extension":{},"message":"[runtime-status] [4175] Resolved module firebase-functions {\"declared\":true,\"installed\":true,\"version\":\"5.1.1\",\"resolution\":\"/Users/yxk/Downloads/yxkapp/test1/functions/node_modules/firebase-functions/lib/v1/index.js\"}"}}
[debug] [2026-04-20T06:26:34.971Z] [runtime-status] [4175] Outgoing network have been stubbed. [{"name":"http","status":"mocked"},{"name":"http","status":"mocked"},{"name":"https","status":"mocked"},{"name":"https","status":"mocked"},{"name":"net","status":"mocked"}] {"metadata":{"emulator":{"name":"functions"},"function":{"name":"asia-northeast1-generateImage"},"extension":{},"message":"[runtime-status] [4175] Outgoing network have been stubbed. [{\"name\":\"http\",\"status\":\"mocked\"},{\"name\":\"http\",\"status\":\"mocked\"},{\"name\":\"https\",\"status\":\"mocked\"},{\"name\":\"https\",\"status\":\"mocked\"},{\"name\":\"net\",\"status\":\"mocked\"}]"}}
[debug] [2026-04-20T06:26:34.971Z] [runtime-status] [4173] Outgoing network have been stubbed. [{"name":"http","status":"mocked"},{"name":"http","status":"mocked"},{"name":"https","status":"mocked"},{"name":"https","status":"mocked"},{"name":"net","status":"mocked"}] {"metadata":{"emulator":{"name":"functions"},"function":{"name":"asia-northeast1-generateImage"},"extension":{},"message":"[runtime-status] [4173] Outgoing network have been stubbed. [{\"name\":\"http\",\"status\":\"mocked\"},{\"name\":\"http\",\"status\":\"mocked\"},{\"name\":\"https\",\"status\":\"mocked\"},{\"name\":\"https\",\"status\":\"mocked\"},{\"name\":\"net\",\"status\":\"mocked\"}]"}}
[debug] [2026-04-20T06:26:34.971Z] [runtime-status] [4173] Resolved module firebase-functions {"declared":true,"installed":true,"version":"5.1.1","resolution":"/Users/yxk/Downloads/yxkapp/test1/functions/node_modules/firebase-functions/lib/v1/index.js"} {"metadata":{"emulator":{"name":"functions"},"function":{"name":"asia-northeast1-generateImage"},"extension":{},"message":"[runtime-status] [4173] Resolved module firebase-functions {\"declared\":true,\"installed\":true,\"version\":\"5.1.1\",\"resolution\":\"/Users/yxk/Downloads/yxkapp/test1/functions/node_modules/firebase-functions/lib/v1/index.js\"}"}}
[debug] [2026-04-20T06:26:34.971Z] [runtime-status] [4174] Resolved module firebase-functions {"declared":true,"installed":true,"version":"5.1.1","resolution":"/Users/yxk/Downloads/yxkapp/test1/functions/node_modules/firebase-functions/lib/v1/index.js"} {"metadata":{"emulator":{"name":"functions"},"function":{"name":"asia-northeast1-generateImage"},"extension":{},"message":"[runtime-status] [4174] Resolved module firebase-functions {\"declared\":true,\"installed\":true,\"version\":\"5.1.1\",\"resolution\":\"/Users/yxk/Downloads/yxkapp/test1/functions/node_modules/firebase-functions/lib/v1/index.js\"}"}}
[debug] [2026-04-20T06:26:34.971Z] [runtime-status] [4175] Resolved module firebase-functions {"declared":true,"installed":true,"version":"5.1.1","resolution":"/Users/yxk/Downloads/yxkapp/test1/functions/node_modules/firebase-functions/lib/v1/index.js"} {"metadata":{"emulator":{"name":"functions"},"function":{"name":"asia-northeast1-generateImage"},"extension":{},"message":"[runtime-status] [4175] Resolved module firebase-functions {\"declared\":true,\"installed\":true,\"version\":\"5.1.1\",\"resolution\":\"/Users/yxk/Downloads/yxkapp/test1/functions/node_modules/firebase-functions/lib/v1/index.js\"}"}}
[debug] [2026-04-20T06:26:34.971Z] [runtime-status] [4176] Resolved module firebase-functions {"declared":true,"installed":true,"version":"5.1.1","resolution":"/Users/yxk/Downloads/yxkapp/test1/functions/node_modules/firebase-functions/lib/v1/index.js"} {"metadata":{"emulator":{"name":"functions"},"function":{"name":"asia-northeast1-generateImage"},"extension":{},"message":"[runtime-status] [4176] Resolved module firebase-functions {\"declared\":true,\"installed\":true,\"version\":\"5.1.1\",\"resolution\":\"/Users/yxk/Downloads/yxkapp/test1/functions/node_modules/firebase-functions/lib/v1/index.js\"}"}}
[debug] [2026-04-20T06:26:34.971Z] [runtime-status] [4176] Outgoing network have been stubbed. [{"name":"http","status":"mocked"},{"name":"http","status":"mocked"},{"name":"https","status":"mocked"},{"name":"https","status":"mocked"},{"name":"net","status":"mocked"}] {"metadata":{"emulator":{"name":"functions"},"function":{"name":"asia-northeast1-generateImage"},"extension":{},"message":"[runtime-status] [4176] Outgoing network have been stubbed. [{\"name\":\"http\",\"status\":\"mocked\"},{\"name\":\"http\",\"status\":\"mocked\"},{\"name\":\"https\",\"status\":\"mocked\"},{\"name\":\"https\",\"status\":\"mocked\"},{\"name\":\"net\",\"status\":\"mocked\"}]"}}
[debug] [2026-04-20T06:26:34.971Z] [runtime-status] [4176] Resolved module firebase-functions {"declared":true,"installed":true,"version":"5.1.1","resolution":"/Users/yxk/Downloads/yxkapp/test1/functions/node_modules/firebase-functions/lib/v1/index.js"} {"metadata":{"emulator":{"name":"functions"},"function":{"name":"asia-northeast1-generateImage"},"extension":{},"message":"[runtime-status] [4176] Resolved module firebase-functions {\"declared\":true,\"installed\":true,\"version\":\"5.1.1\",\"resolution\":\"/Users/yxk/Downloads/yxkapp/test1/functions/node_modules/firebase-functions/lib/v1/index.js\"}"}}
[debug] [2026-04-20T06:26:35.023Z] [runtime-status] [4176] Resolved module firebase-admin {"declared":true,"installed":true,"version":"12.7.0","resolution":"/Users/yxk/Downloads/yxkapp/test1/functions/node_modules/firebase-admin/lib/index.js"} {"metadata":{"emulator":{"name":"functions"},"function":{"name":"asia-northeast1-generateImage"},"extension":{},"message":"[runtime-status] [4176] Resolved module firebase-admin {\"declared\":true,\"installed\":true,\"version\":\"12.7.0\",\"resolution\":\"/Users/yxk/Downloads/yxkapp/test1/functions/node_modules/firebase-admin/lib/index.js\"}"}}
[debug] [2026-04-20T06:26:35.024Z] [runtime-status] [4174] Resolved module firebase-admin {"declared":true,"installed":true,"version":"12.7.0","resolution":"/Users/yxk/Downloads/yxkapp/test1/functions/node_modules/firebase-admin/lib/index.js"} {"metadata":{"emulator":{"name":"functions"},"function":{"name":"asia-northeast1-generateImage"},"extension":{},"message":"[runtime-status] [4174] Resolved module firebase-admin {\"declared\":true,\"installed\":true,\"version\":\"12.7.0\",\"resolution\":\"/Users/yxk/Downloads/yxkapp/test1/functions/node_modules/firebase-admin/lib/index.js\"}"}}
[debug] [2026-04-20T06:26:35.024Z] [runtime-status] [4173] Resolved module firebase-admin {"declared":true,"installed":true,"version":"12.7.0","resolution":"/Users/yxk/Downloads/yxkapp/test1/functions/node_modules/firebase-admin/lib/index.js"} {"metadata":{"emulator":{"name":"functions"},"function":{"name":"asia-northeast1-generateImage"},"extension":{},"message":"[runtime-status] [4173] Resolved module firebase-admin {\"declared\":true,\"installed\":true,\"version\":\"12.7.0\",\"resolution\":\"/Users/yxk/Downloads/yxkapp/test1/functions/node_modules/firebase-admin/lib/index.js\"}"}}
[debug] [2026-04-20T06:26:35.024Z] [runtime-status] [4175] Resolved module firebase-admin {"declared":true,"installed":true,"version":"12.7.0","resolution":"/Users/yxk/Downloads/yxkapp/test1/functions/node_modules/firebase-admin/lib/index.js"} {"metadata":{"emulator":{"name":"functions"},"function":{"name":"asia-northeast1-generateImage"},"extension":{},"message":"[runtime-status] [4175] Resolved module firebase-admin {\"declared\":true,\"installed\":true,\"version\":\"12.7.0\",\"resolution\":\"/Users/yxk/Downloads/yxkapp/test1/functions/node_modules/firebase-admin/lib/index.js\"}"}}
[debug] [2026-04-20T06:26:35.025Z] [runtime-status] [4174] Resolved module firebase-functions {"declared":true,"installed":true,"version":"5.1.1","resolution":"/Users/yxk/Downloads/yxkapp/test1/functions/node_modules/firebase-functions/lib/v1/index.js"} {"metadata":{"emulator":{"name":"functions"},"function":{"name":"asia-northeast1-generateImage"},"extension":{},"message":"[runtime-status] [4174] Resolved module firebase-functions {\"declared\":true,\"installed\":true,\"version\":\"5.1.1\",\"resolution\":\"/Users/yxk/Downloads/yxkapp/test1/functions/node_modules/firebase-functions/lib/v1/index.js\"}"}}
[debug] [2026-04-20T06:26:35.025Z] [runtime-status] [4173] Resolved module firebase-functions {"declared":true,"installed":true,"version":"5.1.1","resolution":"/Users/yxk/Downloads/yxkapp/test1/functions/node_modules/firebase-functions/lib/v1/index.js"} {"metadata":{"emulator":{"name":"functions"},"function":{"name":"asia-northeast1-generateImage"},"extension":{},"message":"[runtime-status] [4173] Resolved module firebase-functions {\"declared\":true,\"installed\":true,\"version\":\"5.1.1\",\"resolution\":\"/Users/yxk/Downloads/yxkapp/test1/functions/node_modules/firebase-functions/lib/v1/index.js\"}"}}
[debug] [2026-04-20T06:26:35.025Z] [runtime-status] [4176] Resolved module firebase-functions {"declared":true,"installed":true,"version":"5.1.1","resolution":"/Users/yxk/Downloads/yxkapp/test1/functions/node_modules/firebase-functions/lib/v1/index.js"} {"metadata":{"emulator":{"name":"functions"},"function":{"name":"asia-northeast1-generateImage"},"extension":{},"message":"[runtime-status] [4176] Resolved module firebase-functions {\"declared\":true,\"installed\":true,\"version\":\"5.1.1\",\"resolution\":\"/Users/yxk/Downloads/yxkapp/test1/functions/node_modules/firebase-functions/lib/v1/index.js\"}"}}
[debug] [2026-04-20T06:26:35.025Z] [runtime-status] [4175] Resolved module firebase-functions {"declared":true,"installed":true,"version":"5.1.1","resolution":"/Users/yxk/Downloads/yxkapp/test1/functions/node_modules/firebase-functions/lib/v1/index.js"} {"metadata":{"emulator":{"name":"functions"},"function":{"name":"asia-northeast1-generateImage"},"extension":{},"message":"[runtime-status] [4175] Resolved module firebase-functions {\"declared\":true,\"installed\":true,\"version\":\"5.1.1\",\"resolution\":\"/Users/yxk/Downloads/yxkapp/test1/functions/node_modules/firebase-functions/lib/v1/index.js\"}"}}
[debug] [2026-04-20T06:26:35.086Z] [runtime-status] [4174] firebase-admin has been stubbed. {"adminResolution":{"declared":true,"installed":true,"version":"12.7.0","resolution":"/Users/yxk/Downloads/yxkapp/test1/functions/node_modules/firebase-admin/lib/index.js"}} {"metadata":{"emulator":{"name":"functions"},"function":{"name":"asia-northeast1-generateImage"},"extension":{},"message":"[runtime-status] [4174] firebase-admin has been stubbed. {\"adminResolution\":{\"declared\":true,\"installed\":true,\"version\":\"12.7.0\",\"resolution\":\"/Users/yxk/Downloads/yxkapp/test1/functions/node_modules/firebase-admin/lib/index.js\"}}"}}
[debug] [2026-04-20T06:26:35.086Z] [runtime-status] [4173] firebase-admin has been stubbed. {"adminResolution":{"declared":true,"installed":true,"version":"12.7.0","resolution":"/Users/yxk/Downloads/yxkapp/test1/functions/node_modules/firebase-admin/lib/index.js"}} {"metadata":{"emulator":{"name":"functions"},"function":{"name":"asia-northeast1-generateImage"},"extension":{},"message":"[runtime-status] [4173] firebase-admin has been stubbed. {\"adminResolution\":{\"declared\":true,\"installed\":true,\"version\":\"12.7.0\",\"resolution\":\"/Users/yxk/Downloads/yxkapp/test1/functions/node_modules/firebase-admin/lib/index.js\"}}"}}
[debug] [2026-04-20T06:26:35.086Z] [runtime-status] [4176] firebase-admin has been stubbed. {"adminResolution":{"declared":true,"installed":true,"version":"12.7.0","resolution":"/Users/yxk/Downloads/yxkapp/test1/functions/node_modules/firebase-admin/lib/index.js"}} {"metadata":{"emulator":{"name":"functions"},"function":{"name":"asia-northeast1-generateImage"},"extension":{},"message":"[runtime-status] [4176] firebase-admin has been stubbed. {\"adminResolution\":{\"declared\":true,\"installed\":true,\"version\":\"12.7.0\",\"resolution\":\"/Users/yxk/Downloads/yxkapp/test1/functions/node_modules/firebase-admin/lib/index.js\"}}"}}
[debug] [2026-04-20T06:26:35.086Z] [runtime-status] [4175] firebase-admin has been stubbed. {"adminResolution":{"declared":true,"installed":true,"version":"12.7.0","resolution":"/Users/yxk/Downloads/yxkapp/test1/functions/node_modules/firebase-admin/lib/index.js"}} {"metadata":{"emulator":{"name":"functions"},"function":{"name":"asia-northeast1-generateImage"},"extension":{},"message":"[runtime-status] [4175] firebase-admin has been stubbed. {\"adminResolution\":{\"declared\":true,\"installed\":true,\"version\":\"12.7.0\",\"resolution\":\"/Users/yxk/Downloads/yxkapp/test1/functions/node_modules/firebase-admin/lib/index.js\"}}"}}
[debug] [2026-04-20T06:26:35.089Z] [runtime-status] [4176] Functions runtime initialized. {"cwd":"/Users/yxk/Downloads/yxkapp/test1/functions","node_version":"22.14.0"} {"metadata":{"emulator":{"name":"functions"},"function":{"name":"asia-northeast1-generateImage"},"extension":{},"message":"[runtime-status] [4176] Functions runtime initialized. {\"cwd\":\"/Users/yxk/Downloads/yxkapp/test1/functions\",\"node_version\":\"22.14.0\"}"}}
[debug] [2026-04-20T06:26:35.089Z] [runtime-status] [4175] Functions runtime initialized. {"cwd":"/Users/yxk/Downloads/yxkapp/test1/functions","node_version":"22.14.0"} {"metadata":{"emulator":{"name":"functions"},"function":{"name":"asia-northeast1-generateImage"},"extension":{},"message":"[runtime-status] [4175] Functions runtime initialized. {\"cwd\":\"/Users/yxk/Downloads/yxkapp/test1/functions\",\"node_version\":\"22.14.0\"}"}}
[debug] [2026-04-20T06:26:35.089Z] [runtime-status] [4175] Listening to port: /var/folders/sz/qxcgz26534x79qtn2k14_3180000gn/T/fire_emu_b4ed25c3b10a7e33.sock {"metadata":{"emulator":{"name":"functions"},"function":{"name":"asia-northeast1-generateImage"},"extension":{},"message":"[runtime-status] [4175] Listening to port: /var/folders/sz/qxcgz26534x79qtn2k14_3180000gn/T/fire_emu_b4ed25c3b10a7e33.sock"}}
[debug] [2026-04-20T06:26:35.089Z] [runtime-status] [4174] Functions runtime initialized. {"cwd":"/Users/yxk/Downloads/yxkapp/test1/functions","node_version":"22.14.0"} {"metadata":{"emulator":{"name":"functions"},"function":{"name":"asia-northeast1-generateImage"},"extension":{},"message":"[runtime-status] [4174] Functions runtime initialized. {\"cwd\":\"/Users/yxk/Downloads/yxkapp/test1/functions\",\"node_version\":\"22.14.0\"}"}}
[debug] [2026-04-20T06:26:35.090Z] [runtime-status] [4174] Listening to port: /var/folders/sz/qxcgz26534x79qtn2k14_3180000gn/T/fire_emu_989af9a59ad0a293.sock {"metadata":{"emulator":{"name":"functions"},"function":{"name":"asia-northeast1-generateImage"},"extension":{},"message":"[runtime-status] [4174] Listening to port: /var/folders/sz/qxcgz26534x79qtn2k14_3180000gn/T/fire_emu_989af9a59ad0a293.sock"}}
[debug] [2026-04-20T06:26:35.090Z] [runtime-status] [4173] Functions runtime initialized. {"cwd":"/Users/yxk/Downloads/yxkapp/test1/functions","node_version":"22.14.0"} {"metadata":{"emulator":{"name":"functions"},"function":{"name":"asia-northeast1-generateImage"},"extension":{},"message":"[runtime-status] [4173] Functions runtime initialized. {\"cwd\":\"/Users/yxk/Downloads/yxkapp/test1/functions\",\"node_version\":\"22.14.0\"}"}}
[debug] [2026-04-20T06:26:35.090Z] [runtime-status] [4173] Listening to port: /var/folders/sz/qxcgz26534x79qtn2k14_3180000gn/T/fire_emu_29c219bd3a12b5a8.sock {"metadata":{"emulator":{"name":"functions"},"function":{"name":"asia-northeast1-generateImage"},"extension":{},"message":"[runtime-status] [4173] Listening to port: /var/folders/sz/qxcgz26534x79qtn2k14_3180000gn/T/fire_emu_29c219bd3a12b5a8.sock"}}
[debug] [2026-04-20T06:26:35.090Z] [runtime-status] [4176] Listening to port: /var/folders/sz/qxcgz26534x79qtn2k14_3180000gn/T/fire_emu_4af28b9d056cb9c8.sock {"metadata":{"emulator":{"name":"functions"},"function":{"name":"asia-northeast1-generateImage"},"extension":{},"message":"[runtime-status] [4176] Listening to port: /var/folders/sz/qxcgz26534x79qtn2k14_3180000gn/T/fire_emu_4af28b9d056cb9c8.sock"}}
[debug] [2026-04-20T06:26:35.158Z] [worker-asia-northeast1-generateImage-fba4d848-4adf-46c0-a43f-5e8d9ebff4a3]: IDLE {"metadata":{"emulator":{"name":"functions"},"function":{"name":"asia-northeast1-generateImage"},"extension":{},"message":"[worker-asia-northeast1-generateImage-fba4d848-4adf-46c0-a43f-5e8d9ebff4a3]: IDLE"}}
[debug] [2026-04-20T06:26:35.159Z] [worker-pool] submitRequest(triggerId=asia-northeast1-generateImage) {"metadata":{"emulator":{"name":"functions"},"message":"[worker-pool] submitRequest(triggerId=asia-northeast1-generateImage)"}}
[info] i  functions: Beginning execution of "asia-northeast1-generateImage" {"metadata":{"emulator":{"name":"functions"},"function":{"name":"asia-northeast1-generateImage"},"extension":{},"message":"Beginning execution of \"asia-northeast1-generateImage\""}}
[debug] [2026-04-20T06:26:35.159Z] [worker-asia-northeast1-generateImage-fba4d848-4adf-46c0-a43f-5e8d9ebff4a3]: BUSY {"metadata":{"emulator":{"name":"functions"},"function":{"name":"asia-northeast1-generateImage"},"extension":{},"message":"[worker-asia-northeast1-generateImage-fba4d848-4adf-46c0-a43f-5e8d9ebff4a3]: BUSY"}}
[debug] [2026-04-20T06:26:35.164Z] [worker-asia-northeast1-generateImage-b4e4a778-e550-4284-8a5e-36bb83c263a3]: IDLE {"metadata":{"emulator":{"name":"functions"},"function":{"name":"asia-northeast1-generateImage"},"extension":{},"message":"[worker-asia-northeast1-generateImage-b4e4a778-e550-4284-8a5e-36bb83c263a3]: IDLE"}}
[debug] [2026-04-20T06:26:35.164Z] [worker-pool] submitRequest(triggerId=asia-northeast1-generateImage) {"metadata":{"emulator":{"name":"functions"},"message":"[worker-pool] submitRequest(triggerId=asia-northeast1-generateImage)"}}
[info] i  functions: Beginning execution of "asia-northeast1-generateImage" {"metadata":{"emulator":{"name":"functions"},"function":{"name":"asia-northeast1-generateImage"},"extension":{},"message":"Beginning execution of \"asia-northeast1-generateImage\""}}
[debug] [2026-04-20T06:26:35.164Z] [worker-asia-northeast1-generateImage-b4e4a778-e550-4284-8a5e-36bb83c263a3]: BUSY {"metadata":{"emulator":{"name":"functions"},"function":{"name":"asia-northeast1-generateImage"},"extension":{},"message":"[worker-asia-northeast1-generateImage-b4e4a778-e550-4284-8a5e-36bb83c263a3]: BUSY"}}
[debug] [2026-04-20T06:26:35.164Z] [worker-asia-northeast1-generateImage-3859f2f7-ea48-4291-be3b-477426207b0f]: IDLE {"metadata":{"emulator":{"name":"functions"},"function":{"name":"asia-northeast1-generateImage"},"extension":{},"message":"[worker-asia-northeast1-generateImage-3859f2f7-ea48-4291-be3b-477426207b0f]: IDLE"}}
[debug] [2026-04-20T06:26:35.164Z] [worker-pool] submitRequest(triggerId=asia-northeast1-generateImage) {"metadata":{"emulator":{"name":"functions"},"message":"[worker-pool] submitRequest(triggerId=asia-northeast1-generateImage)"}}
[info] i  functions: Beginning execution of "asia-northeast1-generateImage" {"metadata":{"emulator":{"name":"functions"},"function":{"name":"asia-northeast1-generateImage"},"extension":{},"message":"Beginning execution of \"asia-northeast1-generateImage\""}}
[debug] [2026-04-20T06:26:35.165Z] [worker-asia-northeast1-generateImage-3859f2f7-ea48-4291-be3b-477426207b0f]: BUSY {"metadata":{"emulator":{"name":"functions"},"function":{"name":"asia-northeast1-generateImage"},"extension":{},"message":"[worker-asia-northeast1-generateImage-3859f2f7-ea48-4291-be3b-477426207b0f]: BUSY"}}
[debug] [2026-04-20T06:26:35.165Z] [worker-asia-northeast1-generateImage-a1fcfc84-950e-4fb4-8a12-3d3900db2a32]: IDLE {"metadata":{"emulator":{"name":"functions"},"function":{"name":"asia-northeast1-generateImage"},"extension":{},"message":"[worker-asia-northeast1-generateImage-a1fcfc84-950e-4fb4-8a12-3d3900db2a32]: IDLE"}}
[debug] [2026-04-20T06:26:35.165Z] [worker-pool] submitRequest(triggerId=asia-northeast1-generateImage) {"metadata":{"emulator":{"name":"functions"},"message":"[worker-pool] submitRequest(triggerId=asia-northeast1-generateImage)"}}
[info] i  functions: Beginning execution of "asia-northeast1-generateImage" {"metadata":{"emulator":{"name":"functions"},"function":{"name":"asia-northeast1-generateImage"},"extension":{},"message":"Beginning execution of \"asia-northeast1-generateImage\""}}
[debug] [2026-04-20T06:26:35.165Z] [worker-asia-northeast1-generateImage-a1fcfc84-950e-4fb4-8a12-3d3900db2a32]: BUSY {"metadata":{"emulator":{"name":"functions"},"function":{"name":"asia-northeast1-generateImage"},"extension":{},"message":"[worker-asia-northeast1-generateImage-a1fcfc84-950e-4fb4-8a12-3d3900db2a32]: BUSY"}}
[info] >  {"verifications":{"app":"MISSING","auth":"VALID"},"logging.googleapis.com/labels":{"firebase-log-type":"callable-request-verification"},"severity":"DEBUG","message":"Callable request verification passed"} {"user":{"verifications":{"app":"MISSING","auth":"VALID"},"logging.googleapis.com/labels":{"firebase-log-type":"callable-request-verification"},"severity":"DEBUG","message":"Callable request verification passed"},"metadata":{"emulator":{"name":"functions"},"function":{"name":"asia-northeast1-generateImage"},"extension":{},"message":"\u001b[90m> \u001b[39m {\"verifications\":{\"app\":\"MISSING\",\"auth\":\"VALID\"},\"logging.googleapis.com/labels\":{\"firebase-log-type\":\"callable-request-verification\"},\"severity\":\"DEBUG\",\"message\":\"Callable request verification passed\"}"}}
[info] >  {"promptLength":504,"prompt":"The child protagonist has the following appearance: A young girl with black braided hair and bows, dark almond eyes, fair rosy skin, and a round face.. Children's book illustration for a Warm & Cozy children's story. Scene: Emma stands grinning widely—her black braids with pink bows are visible, a ladybug is on her shoulder, and the white bunny sits at her feet, surrounded by blooming flowers under a bright sun.. Style: warm, colorful, cartoon, soft lighting, friendly characters. A child named Emma.","severity":"INFO","message":"generateImage called"} {"user":{"promptLength":504,"prompt":"The child protagonist has the following appearance: A young girl with black braided hair and bows, dark almond eyes, fair rosy skin, and a round face.. Children's book illustration for a Warm & Cozy children's story. Scene: Emma stands grinning widely—her black braids with pink bows are visible, a ladybug is on her shoulder, and the white bunny sits at her feet, surrounded by blooming flowers under a bright sun.. Style: warm, colorful, cartoon, soft lighting, friendly characters. A child named Emma.","severity":"INFO","message":"generateImage called"},"metadata":{"emulator":{"name":"functions"},"function":{"name":"asia-northeast1-generateImage"},"extension":{},"message":"\u001b[90m> \u001b[39m {\"promptLength\":504,\"prompt\":\"The child protagonist has the following appearance: A young girl with black braided hair and bows, dark almond eyes, fair rosy skin, and a round face.. Children's book illustration for a Warm & Cozy children's story. Scene: Emma stands grinning widely—her black braids with pink bows are visible, a ladybug is on her shoulder, and the white bunny sits at her feet, surrounded by blooming flowers under a bright sun.. Style: warm, colorful, cartoon, soft lighting, friendly characters. A child named Emma.\",\"severity\":\"INFO\",\"message\":\"generateImage called\"}"}}
[info] >  {"verifications":{"app":"MISSING","auth":"VALID"},"logging.googleapis.com/labels":{"firebase-log-type":"callable-request-verification"},"severity":"DEBUG","message":"Callable request verification passed"} {"user":{"verifications":{"app":"MISSING","auth":"VALID"},"logging.googleapis.com/labels":{"firebase-log-type":"callable-request-verification"},"severity":"DEBUG","message":"Callable request verification passed"},"metadata":{"emulator":{"name":"functions"},"function":{"name":"asia-northeast1-generateImage"},"extension":{},"message":"\u001b[90m> \u001b[39m {\"verifications\":{\"app\":\"MISSING\",\"auth\":\"VALID\"},\"logging.googleapis.com/labels\":{\"firebase-log-type\":\"callable-request-verification\"},\"severity\":\"DEBUG\",\"message\":\"Callable request verification passed\"}"}}
[info] >  {"verifications":{"app":"MISSING","auth":"VALID"},"logging.googleapis.com/labels":{"firebase-log-type":"callable-request-verification"},"severity":"DEBUG","message":"Callable request verification passed"} {"user":{"verifications":{"app":"MISSING","auth":"VALID"},"logging.googleapis.com/labels":{"firebase-log-type":"callable-request-verification"},"severity":"DEBUG","message":"Callable request verification passed"},"metadata":{"emulator":{"name":"functions"},"function":{"name":"asia-northeast1-generateImage"},"extension":{},"message":"\u001b[90m> \u001b[39m {\"verifications\":{\"app\":\"MISSING\",\"auth\":\"VALID\"},\"logging.googleapis.com/labels\":{\"firebase-log-type\":\"callable-request-verification\"},\"severity\":\"DEBUG\",\"message\":\"Callable request verification passed\"}"}}
[info] >  {"verifications":{"app":"MISSING","auth":"VALID"},"logging.googleapis.com/labels":{"firebase-log-type":"callable-request-verification"},"severity":"DEBUG","message":"Callable request verification passed"} {"user":{"verifications":{"app":"MISSING","auth":"VALID"},"logging.googleapis.com/labels":{"firebase-log-type":"callable-request-verification"},"severity":"DEBUG","message":"Callable request verification passed"},"metadata":{"emulator":{"name":"functions"},"function":{"name":"asia-northeast1-generateImage"},"extension":{},"message":"\u001b[90m> \u001b[39m {\"verifications\":{\"app\":\"MISSING\",\"auth\":\"VALID\"},\"logging.googleapis.com/labels\":{\"firebase-log-type\":\"callable-request-verification\"},\"severity\":\"DEBUG\",\"message\":\"Callable request verification passed\"}"}}
[info] >  {"promptLength":494,"prompt":"The child protagonist has the following appearance: A young girl with black braided hair and bows, dark almond eyes, fair rosy skin, and a round face.. Children's book illustration for a Warm & Cozy children's story. Scene: Close-up of Emma’s small hand holding a red ladybug; her black braid with a pink bow peeks into the frame, and the ladybug crawls onto a bright yellow dandelion under warm sunlight.. Style: warm, colorful, cartoon, soft lighting, friendly characters. A child named Emma.","severity":"INFO","message":"generateImage called"} {"user":{"promptLength":494,"prompt":"The child protagonist has the following appearance: A young girl with black braided hair and bows, dark almond eyes, fair rosy skin, and a round face.. Children's book illustration for a Warm & Cozy children's story. Scene: Close-up of Emma’s small hand holding a red ladybug; her black braid with a pink bow peeks into the frame, and the ladybug crawls onto a bright yellow dandelion under warm sunlight.. Style: warm, colorful, cartoon, soft lighting, friendly characters. A child named Emma.","severity":"INFO","message":"generateImage called"},"metadata":{"emulator":{"name":"functions"},"function":{"name":"asia-northeast1-generateImage"},"extension":{},"message":"\u001b[90m> \u001b[39m {\"promptLength\":494,\"prompt\":\"The child protagonist has the following appearance: A young girl with black braided hair and bows, dark almond eyes, fair rosy skin, and a round face.. Children's book illustration for a Warm & Cozy children's story. Scene: Close-up of Emma’s small hand holding a red ladybug; her black braid with a pink bow peeks into the frame, and the ladybug crawls onto a bright yellow dandelion under warm sunlight.. Style: warm, colorful, cartoon, soft lighting, friendly characters. A child named Emma.\",\"severity\":\"INFO\",\"message\":\"generateImage called\"}"}}
[info] >  {"promptLength":509,"prompt":"The child protagonist has the following appearance: A young girl with black braided hair and bows, dark almond eyes, fair rosy skin, and a round face.. Children's book illustration for a Warm & Cozy children's story. Scene: Emma sits cross-legged on grass, her round face smiling—she has dark almond eyes and black braids with pink bows. A fluffy white bunny nibbles a carrot from her hand, surrounded by purple pansies.. Style: warm, colorful, cartoon, soft lighting, friendly characters. A child named Emma.","severity":"INFO","message":"generateImage called"} {"user":{"promptLength":509,"prompt":"The child protagonist has the following appearance: A young girl with black braided hair and bows, dark almond eyes, fair rosy skin, and a round face.. Children's book illustration for a Warm & Cozy children's story. Scene: Emma sits cross-legged on grass, her round face smiling—she has dark almond eyes and black braids with pink bows. A fluffy white bunny nibbles a carrot from her hand, surrounded by purple pansies.. Style: warm, colorful, cartoon, soft lighting, friendly characters. A child named Emma.","severity":"INFO","message":"generateImage called"},"metadata":{"emulator":{"name":"functions"},"function":{"name":"asia-northeast1-generateImage"},"extension":{},"message":"\u001b[90m> \u001b[39m {\"promptLength\":509,\"prompt\":\"The child protagonist has the following appearance: A young girl with black braided hair and bows, dark almond eyes, fair rosy skin, and a round face.. Children's book illustration for a Warm & Cozy children's story. Scene: Emma sits cross-legged on grass, her round face smiling—she has dark almond eyes and black braids with pink bows. A fluffy white bunny nibbles a carrot from her hand, surrounded by purple pansies.. Style: warm, colorful, cartoon, soft lighting, friendly characters. A child named Emma.\",\"severity\":\"INFO\",\"message\":\"generateImage called\"}"}}
[info] >  {"promptLength":559,"prompt":"The child protagonist has the following appearance: A young girl with black braided hair and bows, dark almond eyes, fair rosy skin, and a round face.. Children's book illustration for a Warm & Cozy children's story. Scene: Emma, a round-faced girl with fair rosy skin, black braided hair tied with pink bows, and dark almond eyes, wears a yellow dress while skipping through a garden filled with red tulips and white daisies—sunlight filters through green leaves above.. Style: warm, colorful, cartoon, soft lighting, friendly characters. A child named Emma.","severity":"INFO","message":"generateImage called"} {"user":{"promptLength":559,"prompt":"The child protagonist has the following appearance: A young girl with black braided hair and bows, dark almond eyes, fair rosy skin, and a round face.. Children's book illustration for a Warm & Cozy children's story. Scene: Emma, a round-faced girl with fair rosy skin, black braided hair tied with pink bows, and dark almond eyes, wears a yellow dress while skipping through a garden filled with red tulips and white daisies—sunlight filters through green leaves above.. Style: warm, colorful, cartoon, soft lighting, friendly characters. A child named Emma.","severity":"INFO","message":"generateImage called"},"metadata":{"emulator":{"name":"functions"},"function":{"name":"asia-northeast1-generateImage"},"extension":{},"message":"\u001b[90m> \u001b[39m {\"promptLength\":559,\"prompt\":\"The child protagonist has the following appearance: A young girl with black braided hair and bows, dark almond eyes, fair rosy skin, and a round face.. Children's book illustration for a Warm & Cozy children's story. Scene: Emma, a round-faced girl with fair rosy skin, black braided hair tied with pink bows, and dark almond eyes, wears a yellow dress while skipping through a garden filled with red tulips and white daisies—sunlight filters through green leaves above.. Style: warm, colorful, cartoon, soft lighting, friendly characters. A child named Emma.\",\"severity\":\"INFO\",\"message\":\"generateImage called\"}"}}
[info] >  {"b64Length":367916,"severity":"INFO","message":"generateImage success"} {"user":{"b64Length":367916,"severity":"INFO","message":"generateImage success"},"metadata":{"emulator":{"name":"functions"},"function":{"name":"asia-northeast1-generateImage"},"extension":{},"message":"\u001b[90m> \u001b[39m {\"b64Length\":367916,\"severity\":\"INFO\",\"message\":\"generateImage success\"}"}}
[debug] [2026-04-20T06:27:01.805Z] Finishing up request with event=pause {"metadata":{"emulator":{"name":"functions"},"function":{"name":"asia-northeast1-generateImage"},"extension":{},"message":"Finishing up request with event=pause"}}
[info] i  functions: Finished "asia-northeast1-generateImage" in 26640.716ms {"metadata":{"emulator":{"name":"functions"},"function":{"name":"asia-northeast1-generateImage"},"extension":{},"message":"Finished \"asia-northeast1-generateImage\" in 26640.716ms"}}
[debug] [2026-04-20T06:27:01.805Z] [worker-asia-northeast1-generateImage-3859f2f7-ea48-4291-be3b-477426207b0f]: IDLE {"metadata":{"emulator":{"name":"functions"},"function":{"name":"asia-northeast1-generateImage"},"extension":{},"message":"[worker-asia-northeast1-generateImage-3859f2f7-ea48-4291-be3b-477426207b0f]: IDLE"}}
[debug] [2026-04-20T06:27:01.806Z] Finishing up request with event=finish {"metadata":{"emulator":{"name":"functions"},"function":{"name":"asia-northeast1-generateImage"},"extension":{},"message":"Finishing up request with event=finish"}}
[debug] [2026-04-20T06:27:01.806Z] Finishing up request with event=close {"metadata":{"emulator":{"name":"functions"},"function":{"name":"asia-northeast1-generateImage"},"extension":{},"message":"Finishing up request with event=close"}}
[debug] [2026-04-20T06:27:01.806Z] [work-queue] {"queuedWork":[],"queueLength":0,"runningWork":["/storyme-app-d02d2/asia-northeast1/generateImage-2026-04-20T06:26:34.439Z","/storyme-app-d02d2/asia-northeast1/generateImage-2026-04-20T06:26:34.445Z","/storyme-app-d02d2/asia-northeast1/generateImage-2026-04-20T06:26:34.449Z"],"workRunningCount":3}
[info] >  {"b64Length":400524,"severity":"INFO","message":"generateImage success"} {"user":{"b64Length":400524,"severity":"INFO","message":"generateImage success"},"metadata":{"emulator":{"name":"functions"},"function":{"name":"asia-northeast1-generateImage"},"extension":{},"message":"\u001b[90m> \u001b[39m {\"b64Length\":400524,\"severity\":\"INFO\",\"message\":\"generateImage success\"}"}}
[debug] [2026-04-20T06:27:02.668Z] Finishing up request with event=pause {"metadata":{"emulator":{"name":"functions"},"function":{"name":"asia-northeast1-generateImage"},"extension":{},"message":"Finishing up request with event=pause"}}
[info] i  functions: Finished "asia-northeast1-generateImage" in 27503.762042ms {"metadata":{"emulator":{"name":"functions"},"function":{"name":"asia-northeast1-generateImage"},"extension":{},"message":"Finished \"asia-northeast1-generateImage\" in 27503.762042ms"}}
[debug] [2026-04-20T06:27:02.669Z] [worker-asia-northeast1-generateImage-a1fcfc84-950e-4fb4-8a12-3d3900db2a32]: IDLE {"metadata":{"emulator":{"name":"functions"},"function":{"name":"asia-northeast1-generateImage"},"extension":{},"message":"[worker-asia-northeast1-generateImage-a1fcfc84-950e-4fb4-8a12-3d3900db2a32]: IDLE"}}
[debug] [2026-04-20T06:27:02.669Z] Finishing up request with event=finish {"metadata":{"emulator":{"name":"functions"},"function":{"name":"asia-northeast1-generateImage"},"extension":{},"message":"Finishing up request with event=finish"}}
[debug] [2026-04-20T06:27:02.669Z] Finishing up request with event=close {"metadata":{"emulator":{"name":"functions"},"function":{"name":"asia-northeast1-generateImage"},"extension":{},"message":"Finishing up request with event=close"}}
[debug] [2026-04-20T06:27:02.669Z] [work-queue] {"queuedWork":[],"queueLength":0,"runningWork":["/storyme-app-d02d2/asia-northeast1/generateImage-2026-04-20T06:26:34.439Z","/storyme-app-d02d2/asia-northeast1/generateImage-2026-04-20T06:26:34.445Z"],"workRunningCount":2}
[info] >  {"b64Length":330216,"severity":"INFO","message":"generateImage success"} {"user":{"b64Length":330216,"severity":"INFO","message":"generateImage success"},"metadata":{"emulator":{"name":"functions"},"function":{"name":"asia-northeast1-generateImage"},"extension":{},"message":"\u001b[90m> \u001b[39m {\"b64Length\":330216,\"severity\":\"INFO\",\"message\":\"generateImage success\"}"}}
[debug] [2026-04-20T06:27:02.745Z] Finishing up request with event=pause {"metadata":{"emulator":{"name":"functions"},"function":{"name":"asia-northeast1-generateImage"},"extension":{},"message":"Finishing up request with event=pause"}}
[info] i  functions: Finished "asia-northeast1-generateImage" in 27586.390625ms {"metadata":{"emulator":{"name":"functions"},"function":{"name":"asia-northeast1-generateImage"},"extension":{},"message":"Finished \"asia-northeast1-generateImage\" in 27586.390625ms"}}
[debug] [2026-04-20T06:27:02.745Z] [worker-asia-northeast1-generateImage-fba4d848-4adf-46c0-a43f-5e8d9ebff4a3]: IDLE {"metadata":{"emulator":{"name":"functions"},"function":{"name":"asia-northeast1-generateImage"},"extension":{},"message":"[worker-asia-northeast1-generateImage-fba4d848-4adf-46c0-a43f-5e8d9ebff4a3]: IDLE"}}
[debug] [2026-04-20T06:27:02.745Z] Finishing up request with event=finish {"metadata":{"emulator":{"name":"functions"},"function":{"name":"asia-northeast1-generateImage"},"extension":{},"message":"Finishing up request with event=finish"}}
[debug] [2026-04-20T06:27:02.745Z] Finishing up request with event=close {"metadata":{"emulator":{"name":"functions"},"function":{"name":"asia-northeast1-generateImage"},"extension":{},"message":"Finishing up request with event=close"}}
[debug] [2026-04-20T06:27:02.745Z] [work-queue] {"queuedWork":[],"queueLength":0,"runningWork":["/storyme-app-d02d2/asia-northeast1/generateImage-2026-04-20T06:26:34.445Z"],"workRunningCount":1}
[info] >  {"b64Length":263436,"severity":"INFO","message":"generateImage success"} {"user":{"b64Length":263436,"severity":"INFO","message":"generateImage success"},"metadata":{"emulator":{"name":"functions"},"function":{"name":"asia-northeast1-generateImage"},"extension":{},"message":"\u001b[90m> \u001b[39m {\"b64Length\":263436,\"severity\":\"INFO\",\"message\":\"generateImage success\"}"}}
[debug] [2026-04-20T06:27:07.517Z] Finishing up request with event=pause {"metadata":{"emulator":{"name":"functions"},"function":{"name":"asia-northeast1-generateImage"},"extension":{},"message":"Finishing up request with event=pause"}}
[info] i  functions: Finished "asia-northeast1-generateImage" in 32353.303208ms {"metadata":{"emulator":{"name":"functions"},"function":{"name":"asia-northeast1-generateImage"},"extension":{},"message":"Finished \"asia-northeast1-generateImage\" in 32353.303208ms"}}
[debug] [2026-04-20T06:27:07.518Z] [worker-asia-northeast1-generateImage-b4e4a778-e550-4284-8a5e-36bb83c263a3]: IDLE {"metadata":{"emulator":{"name":"functions"},"function":{"name":"asia-northeast1-generateImage"},"extension":{},"message":"[worker-asia-northeast1-generateImage-b4e4a778-e550-4284-8a5e-36bb83c263a3]: IDLE"}}
[debug] [2026-04-20T06:27:07.518Z] Finishing up request with event=finish {"metadata":{"emulator":{"name":"functions"},"function":{"name":"asia-northeast1-generateImage"},"extension":{},"message":"Finishing up request with event=finish"}}
[debug] [2026-04-20T06:27:07.518Z] Finishing up request with event=close {"metadata":{"emulator":{"name":"functions"},"function":{"name":"asia-northeast1-generateImage"},"extension":{},"message":"Finishing up request with event=close"}}
[debug] [2026-04-20T06:27:07.518Z] [work-queue] {"queuedWork":[],"queueLength":0,"runningWork":[],"workRunningCount":0}
[debug] [2026-04-20T10:48:05.121Z] File /Users/yxk/Downloads/yxkapp/test1/functions/src/index.ts changed, reloading triggers {"metadata":{"emulator":{"name":"functions"},"message":"File /Users/yxk/Downloads/yxkapp/test1/functions/src/index.ts changed, reloading triggers"}}
[debug] [2026-04-20T10:48:06.124Z] Validating nodejs source
[warn] ⚠  functions: package.json indicates an outdated version of firebase-functions. Please upgrade using npm install --save firebase-functions@latest in your functions directory. 
[warn] ⚠  functions: Please note that there will be breaking changes when you upgrade. 
[debug] [2026-04-20T10:48:06.494Z] > [functions] package.json contents: {
  "name": "storyme-functions",
  "scripts": {
    "build": "tsc",
    "build:watch": "tsc --watch",
    "serve": "npm run build && firebase emulators:start --only functions",
    "shell": "npm run build && firebase functions:shell",
    "start": "npm run shell",
    "deploy": "firebase deploy --only functions",
    "logs": "firebase functions:log"
  },
  "engines": {
    "node": "20"
  },
  "main": "lib/index.js",
  "dependencies": {
    "firebase-admin": "^12.0.0",
    "firebase-functions": "^5.0.0"
  },
  "devDependencies": {
    "firebase-functions-test": "^3.3.0",
    "firebase-tools": "^15.14.0",
    "typescript": "^5.4.0"
  },
  "private": true
}
[debug] [2026-04-20T10:48:06.495Z] Building nodejs source
[debug] [2026-04-20T10:48:06.495Z] Failed to find version of module node: reached end of search path /Users/yxk/Downloads/yxkapp/test1/functions/node_modules
[warn] ⚠  functions: Your requested "node" version "20" doesn't match your global version "22". Using node@22 from host. 
[info] i  functions: Loaded environment variables from .env. 
[debug] [2026-04-20T10:48:06.496Z] Could not find functions.yaml. Must use http discovery
[debug] [2026-04-20T10:48:06.497Z] Found firebase-functions binary at '/Users/yxk/Downloads/yxkapp/test1/functions/node_modules/.bin/firebase-functions'
[info] Serving at port 8313

[debug] [2026-04-20T10:48:06.659Z] Got response from /__/functions.yaml {"endpoints":{"generateStory":{"availableMemoryMb":null,"timeoutSeconds":null,"minInstances":null,"maxInstances":null,"ingressSettings":null,"concurrency":null,"serviceAccountEmail":null,"vpc":null,"platform":"gcfv2","region":["asia-northeast1"],"labels":{},"callableTrigger":{},"entryPoint":"generateStory"},"analyzeAppearance":{"availableMemoryMb":null,"timeoutSeconds":null,"minInstances":null,"maxInstances":null,"ingressSettings":null,"concurrency":null,"serviceAccountEmail":null,"vpc":null,"platform":"gcfv2","region":["asia-northeast1"],"labels":{},"callableTrigger":{},"entryPoint":"analyzeAppearance"},"generateImage":{"availableMemoryMb":null,"timeoutSeconds":120,"minInstances":null,"maxInstances":null,"ingressSettings":null,"concurrency":null,"serviceAccountEmail":null,"vpc":null,"platform":"gcfv2","region":["asia-northeast1"],"labels":{},"callableTrigger":{},"entryPoint":"generateImage"}},"specVersion":"v1alpha1","requiredAPIs":[],"extensions":{}}
[debug] [2026-04-20T10:48:10.672Z] defaultcredentials: writing to file /Users/yxk/.config/firebase/yuxinke720_gmail_com_application_default_credentials.json
[debug] [2026-04-20T10:48:10.673Z] Setting GAC to /Users/yxk/.config/firebase/yuxinke720_gmail_com_application_default_credentials.json {"metadata":{"emulator":{"name":"functions"},"message":"Setting GAC to /Users/yxk/.config/firebase/yuxinke720_gmail_com_application_default_credentials.json"}}
[info] ✔  functions: Loaded functions definitions from source: generateStory, analyzeAppearance, generateImage. {"metadata":{"emulator":{"name":"functions"},"message":"Loaded functions definitions from source: generateStory, analyzeAppearance, generateImage."}}
[debug] [2026-04-20T10:48:10.674Z] [worker-pool] Shutting down IDLE worker (asia-northeast1-analyzeAppearance) {"metadata":{"emulator":{"name":"functions"},"message":"[worker-pool] Shutting down IDLE worker (asia-northeast1-analyzeAppearance)"}}
[debug] [2026-04-20T10:48:10.674Z] [worker-asia-northeast1-analyzeAppearance-b714b771-7ca1-4aa9-bec5-faeee802b049]: FINISHING {"metadata":{"emulator":{"name":"functions"},"function":{"name":"asia-northeast1-analyzeAppearance"},"extension":{},"message":"[worker-asia-northeast1-analyzeAppearance-b714b771-7ca1-4aa9-bec5-faeee802b049]: FINISHING"}}
[debug] [2026-04-20T10:48:10.674Z] [worker-pool] Shutting down IDLE worker (asia-northeast1-generateStory) {"metadata":{"emulator":{"name":"functions"},"message":"[worker-pool] Shutting down IDLE worker (asia-northeast1-generateStory)"}}
[debug] [2026-04-20T10:48:10.674Z] [worker-asia-northeast1-generateStory-38bfd5bd-50e1-40e0-8c85-e6db0f9d2954]: FINISHING {"metadata":{"emulator":{"name":"functions"},"function":{"name":"asia-northeast1-generateStory"},"extension":{},"message":"[worker-asia-northeast1-generateStory-38bfd5bd-50e1-40e0-8c85-e6db0f9d2954]: FINISHING"}}
[debug] [2026-04-20T10:48:10.674Z] [worker-pool] Shutting down IDLE worker (asia-northeast1-generateImage) {"metadata":{"emulator":{"name":"functions"},"message":"[worker-pool] Shutting down IDLE worker (asia-northeast1-generateImage)"}}
[debug] [2026-04-20T10:48:10.674Z] [worker-asia-northeast1-generateImage-fba4d848-4adf-46c0-a43f-5e8d9ebff4a3]: FINISHING {"metadata":{"emulator":{"name":"functions"},"function":{"name":"asia-northeast1-generateImage"},"extension":{},"message":"[worker-asia-northeast1-generateImage-fba4d848-4adf-46c0-a43f-5e8d9ebff4a3]: FINISHING"}}
[debug] [2026-04-20T10:48:10.675Z] [worker-pool] Shutting down IDLE worker (asia-northeast1-generateImage) {"metadata":{"emulator":{"name":"functions"},"message":"[worker-pool] Shutting down IDLE worker (asia-northeast1-generateImage)"}}
[debug] [2026-04-20T10:48:10.675Z] [worker-asia-northeast1-generateImage-b4e4a778-e550-4284-8a5e-36bb83c263a3]: FINISHING {"metadata":{"emulator":{"name":"functions"},"function":{"name":"asia-northeast1-generateImage"},"extension":{},"message":"[worker-asia-northeast1-generateImage-b4e4a778-e550-4284-8a5e-36bb83c263a3]: FINISHING"}}
[debug] [2026-04-20T10:48:10.675Z] [worker-pool] Shutting down IDLE worker (asia-northeast1-generateImage) {"metadata":{"emulator":{"name":"functions"},"message":"[worker-pool] Shutting down IDLE worker (asia-northeast1-generateImage)"}}
[debug] [2026-04-20T10:48:10.675Z] [worker-asia-northeast1-generateImage-a1fcfc84-950e-4fb4-8a12-3d3900db2a32]: FINISHING {"metadata":{"emulator":{"name":"functions"},"function":{"name":"asia-northeast1-generateImage"},"extension":{},"message":"[worker-asia-northeast1-generateImage-a1fcfc84-950e-4fb4-8a12-3d3900db2a32]: FINISHING"}}
[debug] [2026-04-20T10:48:10.675Z] [worker-pool] Shutting down IDLE worker (asia-northeast1-generateImage) {"metadata":{"emulator":{"name":"functions"},"message":"[worker-pool] Shutting down IDLE worker (asia-northeast1-generateImage)"}}
[debug] [2026-04-20T10:48:10.675Z] [worker-asia-northeast1-generateImage-3859f2f7-ea48-4291-be3b-477426207b0f]: FINISHING {"metadata":{"emulator":{"name":"functions"},"function":{"name":"asia-northeast1-generateImage"},"extension":{},"message":"[worker-asia-northeast1-generateImage-3859f2f7-ea48-4291-be3b-477426207b0f]: FINISHING"}}
[debug] [2026-04-20T10:48:10.691Z] [worker-asia-northeast1-generateStory-38bfd5bd-50e1-40e0-8c85-e6db0f9d2954]: exited {"metadata":{"emulator":{"name":"functions"},"function":{"name":"asia-northeast1-generateStory"},"extension":{},"message":"[worker-asia-northeast1-generateStory-38bfd5bd-50e1-40e0-8c85-e6db0f9d2954]: exited"}}
[debug] [2026-04-20T10:48:10.691Z] [worker-asia-northeast1-generateStory-38bfd5bd-50e1-40e0-8c85-e6db0f9d2954]: FINISHED {"metadata":{"emulator":{"name":"functions"},"function":{"name":"asia-northeast1-generateStory"},"extension":{},"message":"[worker-asia-northeast1-generateStory-38bfd5bd-50e1-40e0-8c85-e6db0f9d2954]: FINISHED"}}
[debug] [2026-04-20T10:48:10.691Z] [worker-asia-northeast1-generateImage-fba4d848-4adf-46c0-a43f-5e8d9ebff4a3]: exited {"metadata":{"emulator":{"name":"functions"},"function":{"name":"asia-northeast1-generateImage"},"extension":{},"message":"[worker-asia-northeast1-generateImage-fba4d848-4adf-46c0-a43f-5e8d9ebff4a3]: exited"}}
[debug] [2026-04-20T10:48:10.691Z] [worker-asia-northeast1-generateImage-fba4d848-4adf-46c0-a43f-5e8d9ebff4a3]: FINISHED {"metadata":{"emulator":{"name":"functions"},"function":{"name":"asia-northeast1-generateImage"},"extension":{},"message":"[worker-asia-northeast1-generateImage-fba4d848-4adf-46c0-a43f-5e8d9ebff4a3]: FINISHED"}}
[debug] [2026-04-20T10:48:10.691Z] [worker-asia-northeast1-generateImage-a1fcfc84-950e-4fb4-8a12-3d3900db2a32]: exited {"metadata":{"emulator":{"name":"functions"},"function":{"name":"asia-northeast1-generateImage"},"extension":{},"message":"[worker-asia-northeast1-generateImage-a1fcfc84-950e-4fb4-8a12-3d3900db2a32]: exited"}}
[debug] [2026-04-20T10:48:10.691Z] [worker-asia-northeast1-generateImage-a1fcfc84-950e-4fb4-8a12-3d3900db2a32]: FINISHED {"metadata":{"emulator":{"name":"functions"},"function":{"name":"asia-northeast1-generateImage"},"extension":{},"message":"[worker-asia-northeast1-generateImage-a1fcfc84-950e-4fb4-8a12-3d3900db2a32]: FINISHED"}}
[debug] [2026-04-20T10:48:10.691Z] [worker-asia-northeast1-analyzeAppearance-b714b771-7ca1-4aa9-bec5-faeee802b049]: exited {"metadata":{"emulator":{"name":"functions"},"function":{"name":"asia-northeast1-analyzeAppearance"},"extension":{},"message":"[worker-asia-northeast1-analyzeAppearance-b714b771-7ca1-4aa9-bec5-faeee802b049]: exited"}}
[debug] [2026-04-20T10:48:10.691Z] [worker-asia-northeast1-analyzeAppearance-b714b771-7ca1-4aa9-bec5-faeee802b049]: FINISHED {"metadata":{"emulator":{"name":"functions"},"function":{"name":"asia-northeast1-analyzeAppearance"},"extension":{},"message":"[worker-asia-northeast1-analyzeAppearance-b714b771-7ca1-4aa9-bec5-faeee802b049]: FINISHED"}}
[debug] [2026-04-20T10:48:10.691Z] [worker-asia-northeast1-generateImage-b4e4a778-e550-4284-8a5e-36bb83c263a3]: exited {"metadata":{"emulator":{"name":"functions"},"function":{"name":"asia-northeast1-generateImage"},"extension":{},"message":"[worker-asia-northeast1-generateImage-b4e4a778-e550-4284-8a5e-36bb83c263a3]: exited"}}
[debug] [2026-04-20T10:48:10.691Z] [worker-asia-northeast1-generateImage-b4e4a778-e550-4284-8a5e-36bb83c263a3]: FINISHED {"metadata":{"emulator":{"name":"functions"},"function":{"name":"asia-northeast1-generateImage"},"extension":{},"message":"[worker-asia-northeast1-generateImage-b4e4a778-e550-4284-8a5e-36bb83c263a3]: FINISHED"}}
[debug] [2026-04-20T10:48:10.691Z] [worker-asia-northeast1-generateImage-3859f2f7-ea48-4291-be3b-477426207b0f]: exited {"metadata":{"emulator":{"name":"functions"},"function":{"name":"asia-northeast1-generateImage"},"extension":{},"message":"[worker-asia-northeast1-generateImage-3859f2f7-ea48-4291-be3b-477426207b0f]: exited"}}
[debug] [2026-04-20T10:48:10.692Z] [worker-asia-northeast1-generateImage-3859f2f7-ea48-4291-be3b-477426207b0f]: FINISHED {"metadata":{"emulator":{"name":"functions"},"function":{"name":"asia-northeast1-generateImage"},"extension":{},"message":"[worker-asia-northeast1-generateImage-3859f2f7-ea48-4291-be3b-477426207b0f]: FINISHED"}}
[debug] [2026-04-20T10:54:22.014Z] [work-queue] {"queuedWork":["/storyme-app-d02d2/asia-northeast1/analyzeAppearance-2026-04-20T10:54:22.012Z"],"queueLength":1,"runningWork":[],"workRunningCount":0}
[debug] [2026-04-20T10:54:22.017Z] [work-queue] {"queuedWork":[],"queueLength":0,"runningWork":["/storyme-app-d02d2/asia-northeast1/analyzeAppearance-2026-04-20T10:54:22.012Z"],"workRunningCount":1}
[debug] [2026-04-20T10:54:22.017Z] Accepted request POST /storyme-app-d02d2/asia-northeast1/analyzeAppearance --> asia-northeast1-analyzeAppearance
[debug] [2026-04-20T10:54:22.019Z] [functions] Runtime ready! Sending request! {"metadata":{"emulator":{"name":"functions"},"message":"[functions] Runtime ready! Sending request!"}}
[debug] [2026-04-20T10:54:22.022Z] [functions] Got req.url=/storyme-app-d02d2/asia-northeast1/analyzeAppearance, mapping to path=/ {"metadata":{"emulator":{"name":"functions"},"message":"[functions] Got req.url=/storyme-app-d02d2/asia-northeast1/analyzeAppearance, mapping to path=/"}}
[debug] [2026-04-20T10:54:22.022Z] [worker-pool] Cleaned up workers for asia-northeast1-analyzeAppearance: 1 --> 0 {"metadata":{"emulator":{"name":"functions"},"message":"[worker-pool] Cleaned up workers for asia-northeast1-analyzeAppearance: 1 --> 0"}}
[debug] [2026-04-20T10:54:22.022Z] [worker-pool] Cleaned up workers for asia-northeast1-generateStory: 1 --> 0 {"metadata":{"emulator":{"name":"functions"},"message":"[worker-pool] Cleaned up workers for asia-northeast1-generateStory: 1 --> 0"}}
[debug] [2026-04-20T10:54:22.022Z] [worker-pool] Cleaned up workers for asia-northeast1-generateImage: 4 --> 0 {"metadata":{"emulator":{"name":"functions"},"message":"[worker-pool] Cleaned up workers for asia-northeast1-generateImage: 4 --> 0"}}
[info] i  functions: Loaded environment variables from .env. 
[debug] [2026-04-20T10:54:22.032Z] [worker-pool] addWorker(asia-northeast1-analyzeAppearance) {"metadata":{"emulator":{"name":"functions"},"message":"[worker-pool] addWorker(asia-northeast1-analyzeAppearance)"}}
[debug] [2026-04-20T10:54:22.033Z] [worker-pool] Adding worker with key asia-northeast1-analyzeAppearance, total=1 {"metadata":{"emulator":{"name":"functions"},"message":"[worker-pool] Adding worker with key asia-northeast1-analyzeAppearance, total=1"}}
[debug] [2026-04-20T10:54:22.679Z] [runtime-status] [10709] Resolved module firebase-admin {"declared":true,"installed":true,"version":"12.7.0","resolution":"/Users/yxk/Downloads/yxkapp/test1/functions/node_modules/firebase-admin/lib/index.js"} {"metadata":{"emulator":{"name":"functions"},"function":{"name":"asia-northeast1-analyzeAppearance"},"extension":{},"message":"[runtime-status] [10709] Resolved module firebase-admin {\"declared\":true,\"installed\":true,\"version\":\"12.7.0\",\"resolution\":\"/Users/yxk/Downloads/yxkapp/test1/functions/node_modules/firebase-admin/lib/index.js\"}"}}
[debug] [2026-04-20T10:54:22.679Z] [runtime-status] [10709] Resolved module firebase-functions {"declared":true,"installed":true,"version":"5.1.1","resolution":"/Users/yxk/Downloads/yxkapp/test1/functions/node_modules/firebase-functions/lib/v1/index.js"} {"metadata":{"emulator":{"name":"functions"},"function":{"name":"asia-northeast1-analyzeAppearance"},"extension":{},"message":"[runtime-status] [10709] Resolved module firebase-functions {\"declared\":true,\"installed\":true,\"version\":\"5.1.1\",\"resolution\":\"/Users/yxk/Downloads/yxkapp/test1/functions/node_modules/firebase-functions/lib/v1/index.js\"}"}}
[debug] [2026-04-20T10:54:22.680Z] [runtime-status] [10709] Outgoing network have been stubbed. [{"name":"http","status":"mocked"},{"name":"http","status":"mocked"},{"name":"https","status":"mocked"},{"name":"https","status":"mocked"},{"name":"net","status":"mocked"}] {"metadata":{"emulator":{"name":"functions"},"function":{"name":"asia-northeast1-analyzeAppearance"},"extension":{},"message":"[runtime-status] [10709] Outgoing network have been stubbed. [{\"name\":\"http\",\"status\":\"mocked\"},{\"name\":\"http\",\"status\":\"mocked\"},{\"name\":\"https\",\"status\":\"mocked\"},{\"name\":\"https\",\"status\":\"mocked\"},{\"name\":\"net\",\"status\":\"mocked\"}]"}}
[debug] [2026-04-20T10:54:22.680Z] [runtime-status] [10709] Resolved module firebase-functions {"declared":true,"installed":true,"version":"5.1.1","resolution":"/Users/yxk/Downloads/yxkapp/test1/functions/node_modules/firebase-functions/lib/v1/index.js"} {"metadata":{"emulator":{"name":"functions"},"function":{"name":"asia-northeast1-analyzeAppearance"},"extension":{},"message":"[runtime-status] [10709] Resolved module firebase-functions {\"declared\":true,\"installed\":true,\"version\":\"5.1.1\",\"resolution\":\"/Users/yxk/Downloads/yxkapp/test1/functions/node_modules/firebase-functions/lib/v1/index.js\"}"}}
[debug] [2026-04-20T10:54:22.723Z] [runtime-status] [10709] Resolved module firebase-admin {"declared":true,"installed":true,"version":"12.7.0","resolution":"/Users/yxk/Downloads/yxkapp/test1/functions/node_modules/firebase-admin/lib/index.js"} {"metadata":{"emulator":{"name":"functions"},"function":{"name":"asia-northeast1-analyzeAppearance"},"extension":{},"message":"[runtime-status] [10709] Resolved module firebase-admin {\"declared\":true,\"installed\":true,\"version\":\"12.7.0\",\"resolution\":\"/Users/yxk/Downloads/yxkapp/test1/functions/node_modules/firebase-admin/lib/index.js\"}"}}
[debug] [2026-04-20T10:54:22.724Z] [runtime-status] [10709] Resolved module firebase-functions {"declared":true,"installed":true,"version":"5.1.1","resolution":"/Users/yxk/Downloads/yxkapp/test1/functions/node_modules/firebase-functions/lib/v1/index.js"} {"metadata":{"emulator":{"name":"functions"},"function":{"name":"asia-northeast1-analyzeAppearance"},"extension":{},"message":"[runtime-status] [10709] Resolved module firebase-functions {\"declared\":true,\"installed\":true,\"version\":\"5.1.1\",\"resolution\":\"/Users/yxk/Downloads/yxkapp/test1/functions/node_modules/firebase-functions/lib/v1/index.js\"}"}}
[debug] [2026-04-20T10:54:22.785Z] [runtime-status] [10709] firebase-admin has been stubbed. {"adminResolution":{"declared":true,"installed":true,"version":"12.7.0","resolution":"/Users/yxk/Downloads/yxkapp/test1/functions/node_modules/firebase-admin/lib/index.js"}} {"metadata":{"emulator":{"name":"functions"},"function":{"name":"asia-northeast1-analyzeAppearance"},"extension":{},"message":"[runtime-status] [10709] firebase-admin has been stubbed. {\"adminResolution\":{\"declared\":true,\"installed\":true,\"version\":\"12.7.0\",\"resolution\":\"/Users/yxk/Downloads/yxkapp/test1/functions/node_modules/firebase-admin/lib/index.js\"}}"}}
[debug] [2026-04-20T10:54:22.788Z] [runtime-status] [10709] Functions runtime initialized. {"cwd":"/Users/yxk/Downloads/yxkapp/test1/functions","node_version":"22.14.0"} {"metadata":{"emulator":{"name":"functions"},"function":{"name":"asia-northeast1-analyzeAppearance"},"extension":{},"message":"[runtime-status] [10709] Functions runtime initialized. {\"cwd\":\"/Users/yxk/Downloads/yxkapp/test1/functions\",\"node_version\":\"22.14.0\"}"}}
[debug] [2026-04-20T10:54:22.788Z] [runtime-status] [10709] Listening to port: /var/folders/sz/qxcgz26534x79qtn2k14_3180000gn/T/fire_emu_ce06e3fb4af85233.sock {"metadata":{"emulator":{"name":"functions"},"function":{"name":"asia-northeast1-analyzeAppearance"},"extension":{},"message":"[runtime-status] [10709] Listening to port: /var/folders/sz/qxcgz26534x79qtn2k14_3180000gn/T/fire_emu_ce06e3fb4af85233.sock"}}
[debug] [2026-04-20T10:54:22.869Z] [worker-asia-northeast1-analyzeAppearance-298c06a9-e8e2-4160-8c1e-107f3081a53a]: IDLE {"metadata":{"emulator":{"name":"functions"},"function":{"name":"asia-northeast1-analyzeAppearance"},"extension":{},"message":"[worker-asia-northeast1-analyzeAppearance-298c06a9-e8e2-4160-8c1e-107f3081a53a]: IDLE"}}
[debug] [2026-04-20T10:54:22.869Z] [worker-pool] submitRequest(triggerId=asia-northeast1-analyzeAppearance) {"metadata":{"emulator":{"name":"functions"},"message":"[worker-pool] submitRequest(triggerId=asia-northeast1-analyzeAppearance)"}}
[info] i  functions: Beginning execution of "asia-northeast1-analyzeAppearance" {"metadata":{"emulator":{"name":"functions"},"function":{"name":"asia-northeast1-analyzeAppearance"},"extension":{},"message":"Beginning execution of \"asia-northeast1-analyzeAppearance\""}}
[debug] [2026-04-20T10:54:22.870Z] [worker-asia-northeast1-analyzeAppearance-298c06a9-e8e2-4160-8c1e-107f3081a53a]: BUSY {"metadata":{"emulator":{"name":"functions"},"function":{"name":"asia-northeast1-analyzeAppearance"},"extension":{},"message":"[worker-asia-northeast1-analyzeAppearance-298c06a9-e8e2-4160-8c1e-107f3081a53a]: BUSY"}}
[info] >  {"verifications":{"app":"MISSING","auth":"VALID"},"logging.googleapis.com/labels":{"firebase-log-type":"callable-request-verification"},"severity":"DEBUG","message":"Callable request verification passed"} {"user":{"verifications":{"app":"MISSING","auth":"VALID"},"logging.googleapis.com/labels":{"firebase-log-type":"callable-request-verification"},"severity":"DEBUG","message":"Callable request verification passed"},"metadata":{"emulator":{"name":"functions"},"function":{"name":"asia-northeast1-analyzeAppearance"},"extension":{},"message":"\u001b[90m> \u001b[39m {\"verifications\":{\"app\":\"MISSING\",\"auth\":\"VALID\"},\"logging.googleapis.com/labels\":{\"firebase-log-type\":\"callable-request-verification\"},\"severity\":\"DEBUG\",\"message\":\"Callable request verification passed\"}"}}
[info] >  {"promptLength":394,"imageCount":3,"prompt":"You are a children's book illustrator assistant. Analyze the child in these photos and return ONLY a concise appearance description in English (max 40 words). Cover: hair color and style, eye color/shape, skin tone, face shape. Example output: 'A young girl with curly auburn hair, bright green eyes, fair skin, and a round cheerful face.' Do not include names, clothing, or background details.","severity":"INFO","message":"analyzeAppearance called"} {"user":{"promptLength":394,"imageCount":3,"prompt":"You are a children's book illustrator assistant. Analyze the child in these photos and return ONLY a concise appearance description in English (max 40 words). Cover: hair color and style, eye color/shape, skin tone, face shape. Example output: 'A young girl with curly auburn hair, bright green eyes, fair skin, and a round cheerful face.' Do not include names, clothing, or background details.","severity":"INFO","message":"analyzeAppearance called"},"metadata":{"emulator":{"name":"functions"},"function":{"name":"asia-northeast1-analyzeAppearance"},"extension":{},"message":"\u001b[90m> \u001b[39m {\"promptLength\":394,\"imageCount\":3,\"prompt\":\"You are a children's book illustrator assistant. Analyze the child in these photos and return ONLY a concise appearance description in English (max 40 words). Cover: hair color and style, eye color/shape, skin tone, face shape. Example output: 'A young girl with curly auburn hair, bright green eyes, fair skin, and a round cheerful face.' Do not include names, clothing, or background details.\",\"severity\":\"INFO\",\"message\":\"analyzeAppearance called\"}"}}
[info] >  {"resultLength":114,"severity":"INFO","message":"analyzeAppearance success"} {"user":{"resultLength":114,"severity":"INFO","message":"analyzeAppearance success"},"metadata":{"emulator":{"name":"functions"},"function":{"name":"asia-northeast1-analyzeAppearance"},"extension":{},"message":"\u001b[90m> \u001b[39m {\"resultLength\":114,\"severity\":\"INFO\",\"message\":\"analyzeAppearance success\"}"}}
[debug] [2026-04-20T10:54:41.092Z] Finishing up request with event=pause {"metadata":{"emulator":{"name":"functions"},"function":{"name":"asia-northeast1-analyzeAppearance"},"extension":{},"message":"Finishing up request with event=pause"}}
[info] i  functions: Finished "asia-northeast1-analyzeAppearance" in 18222.788416ms {"metadata":{"emulator":{"name":"functions"},"function":{"name":"asia-northeast1-analyzeAppearance"},"extension":{},"message":"Finished \"asia-northeast1-analyzeAppearance\" in 18222.788416ms"}}
[debug] [2026-04-20T10:54:41.093Z] [worker-asia-northeast1-analyzeAppearance-298c06a9-e8e2-4160-8c1e-107f3081a53a]: IDLE {"metadata":{"emulator":{"name":"functions"},"function":{"name":"asia-northeast1-analyzeAppearance"},"extension":{},"message":"[worker-asia-northeast1-analyzeAppearance-298c06a9-e8e2-4160-8c1e-107f3081a53a]: IDLE"}}
[debug] [2026-04-20T10:54:41.094Z] Finishing up request with event=finish {"metadata":{"emulator":{"name":"functions"},"function":{"name":"asia-northeast1-analyzeAppearance"},"extension":{},"message":"Finishing up request with event=finish"}}
[debug] [2026-04-20T10:54:41.094Z] Finishing up request with event=close {"metadata":{"emulator":{"name":"functions"},"function":{"name":"asia-northeast1-analyzeAppearance"},"extension":{},"message":"Finishing up request with event=close"}}
[debug] [2026-04-20T10:54:41.095Z] [work-queue] {"queuedWork":[],"queueLength":0,"runningWork":[],"workRunningCount":0}
[debug] [2026-04-20T10:55:13.291Z] [work-queue] {"queuedWork":["/storyme-app-d02d2/asia-northeast1/generateStory-2026-04-20T10:55:13.291Z"],"queueLength":1,"runningWork":[],"workRunningCount":0}
[debug] [2026-04-20T10:55:13.293Z] [work-queue] {"queuedWork":[],"queueLength":0,"runningWork":["/storyme-app-d02d2/asia-northeast1/generateStory-2026-04-20T10:55:13.291Z"],"workRunningCount":1}
[debug] [2026-04-20T10:55:13.293Z] Accepted request POST /storyme-app-d02d2/asia-northeast1/generateStory --> asia-northeast1-generateStory
[debug] [2026-04-20T10:55:13.295Z] [functions] Runtime ready! Sending request! {"metadata":{"emulator":{"name":"functions"},"message":"[functions] Runtime ready! Sending request!"}}
[debug] [2026-04-20T10:55:13.297Z] [functions] Got req.url=/storyme-app-d02d2/asia-northeast1/generateStory, mapping to path=/ {"metadata":{"emulator":{"name":"functions"},"message":"[functions] Got req.url=/storyme-app-d02d2/asia-northeast1/generateStory, mapping to path=/"}}
[info] i  functions: Loaded environment variables from .env. 
[debug] [2026-04-20T10:55:13.303Z] [worker-pool] addWorker(asia-northeast1-generateStory) {"metadata":{"emulator":{"name":"functions"},"message":"[worker-pool] addWorker(asia-northeast1-generateStory)"}}
[debug] [2026-04-20T10:55:13.304Z] [worker-pool] Adding worker with key asia-northeast1-generateStory, total=1 {"metadata":{"emulator":{"name":"functions"},"message":"[worker-pool] Adding worker with key asia-northeast1-generateStory, total=1"}}
[debug] [2026-04-20T10:55:13.784Z] [runtime-status] [10758] Resolved module firebase-admin {"declared":true,"installed":true,"version":"12.7.0","resolution":"/Users/yxk/Downloads/yxkapp/test1/functions/node_modules/firebase-admin/lib/index.js"} {"metadata":{"emulator":{"name":"functions"},"function":{"name":"asia-northeast1-generateStory"},"extension":{},"message":"[runtime-status] [10758] Resolved module firebase-admin {\"declared\":true,\"installed\":true,\"version\":\"12.7.0\",\"resolution\":\"/Users/yxk/Downloads/yxkapp/test1/functions/node_modules/firebase-admin/lib/index.js\"}"}}
[debug] [2026-04-20T10:55:13.785Z] [runtime-status] [10758] Resolved module firebase-functions {"declared":true,"installed":true,"version":"5.1.1","resolution":"/Users/yxk/Downloads/yxkapp/test1/functions/node_modules/firebase-functions/lib/v1/index.js"} {"metadata":{"emulator":{"name":"functions"},"function":{"name":"asia-northeast1-generateStory"},"extension":{},"message":"[runtime-status] [10758] Resolved module firebase-functions {\"declared\":true,\"installed\":true,\"version\":\"5.1.1\",\"resolution\":\"/Users/yxk/Downloads/yxkapp/test1/functions/node_modules/firebase-functions/lib/v1/index.js\"}"}}
[debug] [2026-04-20T10:55:13.785Z] [runtime-status] [10758] Outgoing network have been stubbed. [{"name":"http","status":"mocked"},{"name":"http","status":"mocked"},{"name":"https","status":"mocked"},{"name":"https","status":"mocked"},{"name":"net","status":"mocked"}] {"metadata":{"emulator":{"name":"functions"},"function":{"name":"asia-northeast1-generateStory"},"extension":{},"message":"[runtime-status] [10758] Outgoing network have been stubbed. [{\"name\":\"http\",\"status\":\"mocked\"},{\"name\":\"http\",\"status\":\"mocked\"},{\"name\":\"https\",\"status\":\"mocked\"},{\"name\":\"https\",\"status\":\"mocked\"},{\"name\":\"net\",\"status\":\"mocked\"}]"}}
[debug] [2026-04-20T10:55:13.785Z] [runtime-status] [10758] Resolved module firebase-functions {"declared":true,"installed":true,"version":"5.1.1","resolution":"/Users/yxk/Downloads/yxkapp/test1/functions/node_modules/firebase-functions/lib/v1/index.js"} {"metadata":{"emulator":{"name":"functions"},"function":{"name":"asia-northeast1-generateStory"},"extension":{},"message":"[runtime-status] [10758] Resolved module firebase-functions {\"declared\":true,\"installed\":true,\"version\":\"5.1.1\",\"resolution\":\"/Users/yxk/Downloads/yxkapp/test1/functions/node_modules/firebase-functions/lib/v1/index.js\"}"}}
[debug] [2026-04-20T10:55:13.824Z] [runtime-status] [10758] Resolved module firebase-admin {"declared":true,"installed":true,"version":"12.7.0","resolution":"/Users/yxk/Downloads/yxkapp/test1/functions/node_modules/firebase-admin/lib/index.js"} {"metadata":{"emulator":{"name":"functions"},"function":{"name":"asia-northeast1-generateStory"},"extension":{},"message":"[runtime-status] [10758] Resolved module firebase-admin {\"declared\":true,\"installed\":true,\"version\":\"12.7.0\",\"resolution\":\"/Users/yxk/Downloads/yxkapp/test1/functions/node_modules/firebase-admin/lib/index.js\"}"}}
[debug] [2026-04-20T10:55:13.825Z] [runtime-status] [10758] Resolved module firebase-functions {"declared":true,"installed":true,"version":"5.1.1","resolution":"/Users/yxk/Downloads/yxkapp/test1/functions/node_modules/firebase-functions/lib/v1/index.js"} {"metadata":{"emulator":{"name":"functions"},"function":{"name":"asia-northeast1-generateStory"},"extension":{},"message":"[runtime-status] [10758] Resolved module firebase-functions {\"declared\":true,\"installed\":true,\"version\":\"5.1.1\",\"resolution\":\"/Users/yxk/Downloads/yxkapp/test1/functions/node_modules/firebase-functions/lib/v1/index.js\"}"}}
[debug] [2026-04-20T10:55:13.876Z] [runtime-status] [10758] firebase-admin has been stubbed. {"adminResolution":{"declared":true,"installed":true,"version":"12.7.0","resolution":"/Users/yxk/Downloads/yxkapp/test1/functions/node_modules/firebase-admin/lib/index.js"}} {"metadata":{"emulator":{"name":"functions"},"function":{"name":"asia-northeast1-generateStory"},"extension":{},"message":"[runtime-status] [10758] firebase-admin has been stubbed. {\"adminResolution\":{\"declared\":true,\"installed\":true,\"version\":\"12.7.0\",\"resolution\":\"/Users/yxk/Downloads/yxkapp/test1/functions/node_modules/firebase-admin/lib/index.js\"}}"}}
[debug] [2026-04-20T10:55:13.878Z] [runtime-status] [10758] Functions runtime initialized. {"cwd":"/Users/yxk/Downloads/yxkapp/test1/functions","node_version":"22.14.0"} {"metadata":{"emulator":{"name":"functions"},"function":{"name":"asia-northeast1-generateStory"},"extension":{},"message":"[runtime-status] [10758] Functions runtime initialized. {\"cwd\":\"/Users/yxk/Downloads/yxkapp/test1/functions\",\"node_version\":\"22.14.0\"}"}}
[debug] [2026-04-20T10:55:13.879Z] [runtime-status] [10758] Listening to port: /var/folders/sz/qxcgz26534x79qtn2k14_3180000gn/T/fire_emu_2cc1a6f9c7f51d9a.sock {"metadata":{"emulator":{"name":"functions"},"function":{"name":"asia-northeast1-generateStory"},"extension":{},"message":"[runtime-status] [10758] Listening to port: /var/folders/sz/qxcgz26534x79qtn2k14_3180000gn/T/fire_emu_2cc1a6f9c7f51d9a.sock"}}
[debug] [2026-04-20T10:55:13.915Z] [worker-asia-northeast1-generateStory-24863bdf-8a93-4a19-88e4-94f2cfe36fc0]: IDLE {"metadata":{"emulator":{"name":"functions"},"function":{"name":"asia-northeast1-generateStory"},"extension":{},"message":"[worker-asia-northeast1-generateStory-24863bdf-8a93-4a19-88e4-94f2cfe36fc0]: IDLE"}}
[debug] [2026-04-20T10:55:13.915Z] [worker-pool] submitRequest(triggerId=asia-northeast1-generateStory) {"metadata":{"emulator":{"name":"functions"},"message":"[worker-pool] submitRequest(triggerId=asia-northeast1-generateStory)"}}
[info] i  functions: Beginning execution of "asia-northeast1-generateStory" {"metadata":{"emulator":{"name":"functions"},"function":{"name":"asia-northeast1-generateStory"},"extension":{},"message":"Beginning execution of \"asia-northeast1-generateStory\""}}
[debug] [2026-04-20T10:55:13.915Z] [worker-asia-northeast1-generateStory-24863bdf-8a93-4a19-88e4-94f2cfe36fc0]: BUSY {"metadata":{"emulator":{"name":"functions"},"function":{"name":"asia-northeast1-generateStory"},"extension":{},"message":"[worker-asia-northeast1-generateStory-24863bdf-8a93-4a19-88e4-94f2cfe36fc0]: BUSY"}}
[info] >  {"verifications":{"app":"MISSING","auth":"VALID"},"logging.googleapis.com/labels":{"firebase-log-type":"callable-request-verification"},"severity":"DEBUG","message":"Callable request verification passed"} {"user":{"verifications":{"app":"MISSING","auth":"VALID"},"logging.googleapis.com/labels":{"firebase-log-type":"callable-request-verification"},"severity":"DEBUG","message":"Callable request verification passed"},"metadata":{"emulator":{"name":"functions"},"function":{"name":"asia-northeast1-generateStory"},"extension":{},"message":"\u001b[90m> \u001b[39m {\"verifications\":{\"app\":\"MISSING\",\"auth\":\"VALID\"},\"logging.googleapis.com/labels\":{\"firebase-log-type\":\"callable-request-verification\"},\"severity\":\"DEBUG\",\"message\":\"Callable request verification passed\"}"}}
[info] >  {"childName":"Emma","theme":"Emma is playing in the warm spring sunshine, admiring a peach blossom in the garden. A small white butterfly is just about to land on a flower.","style":"Warm & Cozy","pageCount":1,"severity":"INFO","message":"generateStory called"} {"user":{"childName":"Emma","theme":"Emma is playing in the warm spring sunshine, admiring a peach blossom in the garden. A small white butterfly is just about to land on a flower.","style":"Warm & Cozy","pageCount":1,"severity":"INFO","message":"generateStory called"},"metadata":{"emulator":{"name":"functions"},"function":{"name":"asia-northeast1-generateStory"},"extension":{},"message":"\u001b[90m> \u001b[39m {\"childName\":\"Emma\",\"theme\":\"Emma is playing in the warm spring sunshine, admiring a peach blossom in the garden. A small white butterfly is just about to land on a flower.\",\"style\":\"Warm & Cozy\",\"pageCount\":1,\"severity\":\"INFO\",\"message\":\"generateStory called\"}"}}
[info] >  {"childName":"Emma","contentLength":646,"severity":"INFO","message":"generateStory success"} {"user":{"childName":"Emma","contentLength":646,"severity":"INFO","message":"generateStory success"},"metadata":{"emulator":{"name":"functions"},"function":{"name":"asia-northeast1-generateStory"},"extension":{},"message":"\u001b[90m> \u001b[39m {\"childName\":\"Emma\",\"contentLength\":646,\"severity\":\"INFO\",\"message\":\"generateStory success\"}"}}
[debug] [2026-04-20T10:55:43.587Z] Finishing up request with event=pause {"metadata":{"emulator":{"name":"functions"},"function":{"name":"asia-northeast1-generateStory"},"extension":{},"message":"Finishing up request with event=pause"}}
[info] i  functions: Finished "asia-northeast1-generateStory" in 29672.526041ms {"metadata":{"emulator":{"name":"functions"},"function":{"name":"asia-northeast1-generateStory"},"extension":{},"message":"Finished \"asia-northeast1-generateStory\" in 29672.526041ms"}}
[debug] [2026-04-20T10:55:43.588Z] [worker-asia-northeast1-generateStory-24863bdf-8a93-4a19-88e4-94f2cfe36fc0]: IDLE {"metadata":{"emulator":{"name":"functions"},"function":{"name":"asia-northeast1-generateStory"},"extension":{},"message":"[worker-asia-northeast1-generateStory-24863bdf-8a93-4a19-88e4-94f2cfe36fc0]: IDLE"}}
[debug] [2026-04-20T10:55:43.588Z] Finishing up request with event=finish {"metadata":{"emulator":{"name":"functions"},"function":{"name":"asia-northeast1-generateStory"},"extension":{},"message":"Finishing up request with event=finish"}}
[debug] [2026-04-20T10:55:43.588Z] Finishing up request with event=close {"metadata":{"emulator":{"name":"functions"},"function":{"name":"asia-northeast1-generateStory"},"extension":{},"message":"Finishing up request with event=close"}}
[debug] [2026-04-20T10:55:43.588Z] [work-queue] {"queuedWork":[],"queueLength":0,"runningWork":[],"workRunningCount":0}
[debug] [2026-04-20T10:55:43.601Z] [work-queue] {"queuedWork":["/storyme-app-d02d2/asia-northeast1/generateImage-2026-04-20T10:55:43.601Z"],"queueLength":1,"runningWork":[],"workRunningCount":0}
[debug] [2026-04-20T10:55:43.601Z] [work-queue] {"queuedWork":[],"queueLength":0,"runningWork":["/storyme-app-d02d2/asia-northeast1/generateImage-2026-04-20T10:55:43.601Z"],"workRunningCount":1}
[debug] [2026-04-20T10:55:43.601Z] Accepted request POST /storyme-app-d02d2/asia-northeast1/generateImage --> asia-northeast1-generateImage
[debug] [2026-04-20T10:55:43.602Z] [functions] Runtime ready! Sending request! {"metadata":{"emulator":{"name":"functions"},"message":"[functions] Runtime ready! Sending request!"}}
[debug] [2026-04-20T10:55:43.602Z] [functions] Got req.url=/storyme-app-d02d2/asia-northeast1/generateImage, mapping to path=/ {"metadata":{"emulator":{"name":"functions"},"message":"[functions] Got req.url=/storyme-app-d02d2/asia-northeast1/generateImage, mapping to path=/"}}
[info] i  functions: Loaded environment variables from .env. 
[debug] [2026-04-20T10:55:43.606Z] [worker-pool] addWorker(asia-northeast1-generateImage) {"metadata":{"emulator":{"name":"functions"},"message":"[worker-pool] addWorker(asia-northeast1-generateImage)"}}
[debug] [2026-04-20T10:55:43.606Z] [worker-pool] Adding worker with key asia-northeast1-generateImage, total=1 {"metadata":{"emulator":{"name":"functions"},"message":"[worker-pool] Adding worker with key asia-northeast1-generateImage, total=1"}}
[debug] [2026-04-20T10:55:44.029Z] [runtime-status] [10784] Resolved module firebase-admin {"declared":true,"installed":true,"version":"12.7.0","resolution":"/Users/yxk/Downloads/yxkapp/test1/functions/node_modules/firebase-admin/lib/index.js"} {"metadata":{"emulator":{"name":"functions"},"function":{"name":"asia-northeast1-generateImage"},"extension":{},"message":"[runtime-status] [10784] Resolved module firebase-admin {\"declared\":true,\"installed\":true,\"version\":\"12.7.0\",\"resolution\":\"/Users/yxk/Downloads/yxkapp/test1/functions/node_modules/firebase-admin/lib/index.js\"}"}}
[debug] [2026-04-20T10:55:44.030Z] [runtime-status] [10784] Resolved module firebase-functions {"declared":true,"installed":true,"version":"5.1.1","resolution":"/Users/yxk/Downloads/yxkapp/test1/functions/node_modules/firebase-functions/lib/v1/index.js"} {"metadata":{"emulator":{"name":"functions"},"function":{"name":"asia-northeast1-generateImage"},"extension":{},"message":"[runtime-status] [10784] Resolved module firebase-functions {\"declared\":true,\"installed\":true,\"version\":\"5.1.1\",\"resolution\":\"/Users/yxk/Downloads/yxkapp/test1/functions/node_modules/firebase-functions/lib/v1/index.js\"}"}}
[debug] [2026-04-20T10:55:44.030Z] [runtime-status] [10784] Outgoing network have been stubbed. [{"name":"http","status":"mocked"},{"name":"http","status":"mocked"},{"name":"https","status":"mocked"},{"name":"https","status":"mocked"},{"name":"net","status":"mocked"}] {"metadata":{"emulator":{"name":"functions"},"function":{"name":"asia-northeast1-generateImage"},"extension":{},"message":"[runtime-status] [10784] Outgoing network have been stubbed. [{\"name\":\"http\",\"status\":\"mocked\"},{\"name\":\"http\",\"status\":\"mocked\"},{\"name\":\"https\",\"status\":\"mocked\"},{\"name\":\"https\",\"status\":\"mocked\"},{\"name\":\"net\",\"status\":\"mocked\"}]"}}
[debug] [2026-04-20T10:55:44.030Z] [runtime-status] [10784] Resolved module firebase-functions {"declared":true,"installed":true,"version":"5.1.1","resolution":"/Users/yxk/Downloads/yxkapp/test1/functions/node_modules/firebase-functions/lib/v1/index.js"} {"metadata":{"emulator":{"name":"functions"},"function":{"name":"asia-northeast1-generateImage"},"extension":{},"message":"[runtime-status] [10784] Resolved module firebase-functions {\"declared\":true,\"installed\":true,\"version\":\"5.1.1\",\"resolution\":\"/Users/yxk/Downloads/yxkapp/test1/functions/node_modules/firebase-functions/lib/v1/index.js\"}"}}
[debug] [2026-04-20T10:55:44.068Z] [runtime-status] [10784] Resolved module firebase-admin {"declared":true,"installed":true,"version":"12.7.0","resolution":"/Users/yxk/Downloads/yxkapp/test1/functions/node_modules/firebase-admin/lib/index.js"} {"metadata":{"emulator":{"name":"functions"},"function":{"name":"asia-northeast1-generateImage"},"extension":{},"message":"[runtime-status] [10784] Resolved module firebase-admin {\"declared\":true,\"installed\":true,\"version\":\"12.7.0\",\"resolution\":\"/Users/yxk/Downloads/yxkapp/test1/functions/node_modules/firebase-admin/lib/index.js\"}"}}
[debug] [2026-04-20T10:55:44.070Z] [runtime-status] [10784] Resolved module firebase-functions {"declared":true,"installed":true,"version":"5.1.1","resolution":"/Users/yxk/Downloads/yxkapp/test1/functions/node_modules/firebase-functions/lib/v1/index.js"} {"metadata":{"emulator":{"name":"functions"},"function":{"name":"asia-northeast1-generateImage"},"extension":{},"message":"[runtime-status] [10784] Resolved module firebase-functions {\"declared\":true,\"installed\":true,\"version\":\"5.1.1\",\"resolution\":\"/Users/yxk/Downloads/yxkapp/test1/functions/node_modules/firebase-functions/lib/v1/index.js\"}"}}
[debug] [2026-04-20T10:55:44.119Z] [runtime-status] [10784] firebase-admin has been stubbed. {"adminResolution":{"declared":true,"installed":true,"version":"12.7.0","resolution":"/Users/yxk/Downloads/yxkapp/test1/functions/node_modules/firebase-admin/lib/index.js"}} {"metadata":{"emulator":{"name":"functions"},"function":{"name":"asia-northeast1-generateImage"},"extension":{},"message":"[runtime-status] [10784] firebase-admin has been stubbed. {\"adminResolution\":{\"declared\":true,\"installed\":true,\"version\":\"12.7.0\",\"resolution\":\"/Users/yxk/Downloads/yxkapp/test1/functions/node_modules/firebase-admin/lib/index.js\"}}"}}
[debug] [2026-04-20T10:55:44.122Z] [runtime-status] [10784] Functions runtime initialized. {"cwd":"/Users/yxk/Downloads/yxkapp/test1/functions","node_version":"22.14.0"} {"metadata":{"emulator":{"name":"functions"},"function":{"name":"asia-northeast1-generateImage"},"extension":{},"message":"[runtime-status] [10784] Functions runtime initialized. {\"cwd\":\"/Users/yxk/Downloads/yxkapp/test1/functions\",\"node_version\":\"22.14.0\"}"}}
[debug] [2026-04-20T10:55:44.122Z] [runtime-status] [10784] Listening to port: /var/folders/sz/qxcgz26534x79qtn2k14_3180000gn/T/fire_emu_42036d7fce25a7af.sock {"metadata":{"emulator":{"name":"functions"},"function":{"name":"asia-northeast1-generateImage"},"extension":{},"message":"[runtime-status] [10784] Listening to port: /var/folders/sz/qxcgz26534x79qtn2k14_3180000gn/T/fire_emu_42036d7fce25a7af.sock"}}
[debug] [2026-04-20T10:55:44.217Z] [worker-asia-northeast1-generateImage-10ebd463-c2a7-4d04-ae90-fb923a6606b2]: IDLE {"metadata":{"emulator":{"name":"functions"},"function":{"name":"asia-northeast1-generateImage"},"extension":{},"message":"[worker-asia-northeast1-generateImage-10ebd463-c2a7-4d04-ae90-fb923a6606b2]: IDLE"}}
[debug] [2026-04-20T10:55:44.217Z] [worker-pool] submitRequest(triggerId=asia-northeast1-generateImage) {"metadata":{"emulator":{"name":"functions"},"message":"[worker-pool] submitRequest(triggerId=asia-northeast1-generateImage)"}}
[info] i  functions: Beginning execution of "asia-northeast1-generateImage" {"metadata":{"emulator":{"name":"functions"},"function":{"name":"asia-northeast1-generateImage"},"extension":{},"message":"Beginning execution of \"asia-northeast1-generateImage\""}}
[debug] [2026-04-20T10:55:44.217Z] [worker-asia-northeast1-generateImage-10ebd463-c2a7-4d04-ae90-fb923a6606b2]: BUSY {"metadata":{"emulator":{"name":"functions"},"function":{"name":"asia-northeast1-generateImage"},"extension":{},"message":"[worker-asia-northeast1-generateImage-10ebd463-c2a7-4d04-ae90-fb923a6606b2]: BUSY"}}
[info] >  {"verifications":{"app":"MISSING","auth":"VALID"},"logging.googleapis.com/labels":{"firebase-log-type":"callable-request-verification"},"severity":"DEBUG","message":"Callable request verification passed"} {"user":{"verifications":{"app":"MISSING","auth":"VALID"},"logging.googleapis.com/labels":{"firebase-log-type":"callable-request-verification"},"severity":"DEBUG","message":"Callable request verification passed"},"metadata":{"emulator":{"name":"functions"},"function":{"name":"asia-northeast1-generateImage"},"extension":{},"message":"\u001b[90m> \u001b[39m {\"verifications\":{\"app\":\"MISSING\",\"auth\":\"VALID\"},\"logging.googleapis.com/labels\":{\"firebase-log-type\":\"callable-request-verification\"},\"severity\":\"DEBUG\",\"message\":\"Callable request verification passed\"}"}}
[info] >  {"promptLength":641,"prompt":"The child protagonist has the following appearance: A young child with black braided hair (bows on top and bangs), dark almond eyes, fair pink skin, and a round face.. Children's book illustration for a Warm & Cozy children's story. Scene: Emma (black braided hair with pink bows on top, bangs, dark almond eyes, fair pink skin, round face) sits cross-legged on soft green grass, hands gently in her lap. A peach blossom bush with pink blooms stands nearby; a small white butterfly rests on one blossom, and warm golden sunlight wraps around the scene.. Style: warm, colorful, cartoon, soft lighting, friendly characters. A child named Emma.","severity":"INFO","message":"generateImage called"} {"user":{"promptLength":641,"prompt":"The child protagonist has the following appearance: A young child with black braided hair (bows on top and bangs), dark almond eyes, fair pink skin, and a round face.. Children's book illustration for a Warm & Cozy children's story. Scene: Emma (black braided hair with pink bows on top, bangs, dark almond eyes, fair pink skin, round face) sits cross-legged on soft green grass, hands gently in her lap. A peach blossom bush with pink blooms stands nearby; a small white butterfly rests on one blossom, and warm golden sunlight wraps around the scene.. Style: warm, colorful, cartoon, soft lighting, friendly characters. A child named Emma.","severity":"INFO","message":"generateImage called"},"metadata":{"emulator":{"name":"functions"},"function":{"name":"asia-northeast1-generateImage"},"extension":{},"message":"\u001b[90m> \u001b[39m {\"promptLength\":641,\"prompt\":\"The child protagonist has the following appearance: A young child with black braided hair (bows on top and bangs), dark almond eyes, fair pink skin, and a round face.. Children's book illustration for a Warm & Cozy children's story. Scene: Emma (black braided hair with pink bows on top, bangs, dark almond eyes, fair pink skin, round face) sits cross-legged on soft green grass, hands gently in her lap. A peach blossom bush with pink blooms stands nearby; a small white butterfly rests on one blossom, and warm golden sunlight wraps around the scene.. Style: warm, colorful, cartoon, soft lighting, friendly characters. A child named Emma.\",\"severity\":\"INFO\",\"message\":\"generateImage called\"}"}}
[info] >  {"b64Length":314700,"severity":"INFO","message":"generateImage success"} {"user":{"b64Length":314700,"severity":"INFO","message":"generateImage success"},"metadata":{"emulator":{"name":"functions"},"function":{"name":"asia-northeast1-generateImage"},"extension":{},"message":"\u001b[90m> \u001b[39m {\"b64Length\":314700,\"severity\":\"INFO\",\"message\":\"generateImage success\"}"}}
[debug] [2026-04-20T10:56:07.709Z] Finishing up request with event=pause {"metadata":{"emulator":{"name":"functions"},"function":{"name":"asia-northeast1-generateImage"},"extension":{},"message":"Finishing up request with event=pause"}}
[info] i  functions: Finished "asia-northeast1-generateImage" in 23493.101834ms {"metadata":{"emulator":{"name":"functions"},"function":{"name":"asia-northeast1-generateImage"},"extension":{},"message":"Finished \"asia-northeast1-generateImage\" in 23493.101834ms"}}
[debug] [2026-04-20T10:56:07.710Z] [worker-asia-northeast1-generateImage-10ebd463-c2a7-4d04-ae90-fb923a6606b2]: IDLE {"metadata":{"emulator":{"name":"functions"},"function":{"name":"asia-northeast1-generateImage"},"extension":{},"message":"[worker-asia-northeast1-generateImage-10ebd463-c2a7-4d04-ae90-fb923a6606b2]: IDLE"}}
[debug] [2026-04-20T10:56:07.710Z] Finishing up request with event=finish {"metadata":{"emulator":{"name":"functions"},"function":{"name":"asia-northeast1-generateImage"},"extension":{},"message":"Finishing up request with event=finish"}}
[debug] [2026-04-20T10:56:07.710Z] Finishing up request with event=close {"metadata":{"emulator":{"name":"functions"},"function":{"name":"asia-northeast1-generateImage"},"extension":{},"message":"Finishing up request with event=close"}}
[debug] [2026-04-20T10:56:07.711Z] [work-queue] {"queuedWork":[],"queueLength":0,"runningWork":[],"workRunningCount":0}
[debug] [2026-04-20T11:01:40.202Z] File /Users/yxk/Downloads/yxkapp/test1/functions/src/index.ts changed, reloading triggers {"metadata":{"emulator":{"name":"functions"},"message":"File /Users/yxk/Downloads/yxkapp/test1/functions/src/index.ts changed, reloading triggers"}}
[debug] [2026-04-20T11:01:41.205Z] Validating nodejs source
[warn] ⚠  functions: package.json indicates an outdated version of firebase-functions. Please upgrade using npm install --save firebase-functions@latest in your functions directory. 
[warn] ⚠  functions: Please note that there will be breaking changes when you upgrade. 
[debug] [2026-04-20T11:01:41.584Z] > [functions] package.json contents: {
  "name": "storyme-functions",
  "scripts": {
    "build": "tsc",
    "build:watch": "tsc --watch",
    "serve": "npm run build && firebase emulators:start --only functions",
    "shell": "npm run build && firebase functions:shell",
    "start": "npm run shell",
    "deploy": "firebase deploy --only functions",
    "logs": "firebase functions:log"
  },
  "engines": {
    "node": "20"
  },
  "main": "lib/index.js",
  "dependencies": {
    "firebase-admin": "^12.0.0",
    "firebase-functions": "^5.0.0"
  },
  "devDependencies": {
    "firebase-functions-test": "^3.3.0",
    "firebase-tools": "^15.14.0",
    "typescript": "^5.4.0"
  },
  "private": true
}
[debug] [2026-04-20T11:01:41.584Z] Building nodejs source
[debug] [2026-04-20T11:01:41.584Z] Failed to find version of module node: reached end of search path /Users/yxk/Downloads/yxkapp/test1/functions/node_modules
[warn] ⚠  functions: Your requested "node" version "20" doesn't match your global version "22". Using node@22 from host. 
[info] i  functions: Loaded environment variables from .env. 
[debug] [2026-04-20T11:01:41.585Z] Could not find functions.yaml. Must use http discovery
[debug] [2026-04-20T11:01:41.586Z] Found firebase-functions binary at '/Users/yxk/Downloads/yxkapp/test1/functions/node_modules/.bin/firebase-functions'
[info] Serving at port 8909

[debug] [2026-04-20T11:01:41.729Z] Got response from /__/functions.yaml {"endpoints":{"generateStory":{"availableMemoryMb":null,"timeoutSeconds":null,"minInstances":null,"maxInstances":null,"ingressSettings":null,"concurrency":null,"serviceAccountEmail":null,"vpc":null,"platform":"gcfv2","region":["asia-northeast1"],"labels":{},"callableTrigger":{},"entryPoint":"generateStory"},"analyzeAppearance":{"availableMemoryMb":null,"timeoutSeconds":null,"minInstances":null,"maxInstances":null,"ingressSettings":null,"concurrency":null,"serviceAccountEmail":null,"vpc":null,"platform":"gcfv2","region":["asia-northeast1"],"labels":{},"callableTrigger":{},"entryPoint":"analyzeAppearance"},"generateImage":{"availableMemoryMb":null,"timeoutSeconds":120,"minInstances":null,"maxInstances":null,"ingressSettings":null,"concurrency":null,"serviceAccountEmail":null,"vpc":null,"platform":"gcfv2","region":["asia-northeast1"],"labels":{},"callableTrigger":{},"entryPoint":"generateImage"}},"specVersion":"v1alpha1","requiredAPIs":[],"extensions":{}}
[debug] [2026-04-20T11:01:45.738Z] defaultcredentials: writing to file /Users/yxk/.config/firebase/yuxinke720_gmail_com_application_default_credentials.json
[debug] [2026-04-20T11:01:45.739Z] Setting GAC to /Users/yxk/.config/firebase/yuxinke720_gmail_com_application_default_credentials.json {"metadata":{"emulator":{"name":"functions"},"message":"Setting GAC to /Users/yxk/.config/firebase/yuxinke720_gmail_com_application_default_credentials.json"}}
[info] ✔  functions: Loaded functions definitions from source: generateStory, analyzeAppearance, generateImage. {"metadata":{"emulator":{"name":"functions"},"message":"Loaded functions definitions from source: generateStory, analyzeAppearance, generateImage."}}
[debug] [2026-04-20T11:01:45.739Z] [worker-pool] Shutting down IDLE worker (asia-northeast1-analyzeAppearance) {"metadata":{"emulator":{"name":"functions"},"message":"[worker-pool] Shutting down IDLE worker (asia-northeast1-analyzeAppearance)"}}
[debug] [2026-04-20T11:01:45.739Z] [worker-asia-northeast1-analyzeAppearance-298c06a9-e8e2-4160-8c1e-107f3081a53a]: FINISHING {"metadata":{"emulator":{"name":"functions"},"function":{"name":"asia-northeast1-analyzeAppearance"},"extension":{},"message":"[worker-asia-northeast1-analyzeAppearance-298c06a9-e8e2-4160-8c1e-107f3081a53a]: FINISHING"}}
[debug] [2026-04-20T11:01:45.739Z] [worker-pool] Shutting down IDLE worker (asia-northeast1-generateStory) {"metadata":{"emulator":{"name":"functions"},"message":"[worker-pool] Shutting down IDLE worker (asia-northeast1-generateStory)"}}
[debug] [2026-04-20T11:01:45.739Z] [worker-asia-northeast1-generateStory-24863bdf-8a93-4a19-88e4-94f2cfe36fc0]: FINISHING {"metadata":{"emulator":{"name":"functions"},"function":{"name":"asia-northeast1-generateStory"},"extension":{},"message":"[worker-asia-northeast1-generateStory-24863bdf-8a93-4a19-88e4-94f2cfe36fc0]: FINISHING"}}
[debug] [2026-04-20T11:01:45.739Z] [worker-pool] Shutting down IDLE worker (asia-northeast1-generateImage) {"metadata":{"emulator":{"name":"functions"},"message":"[worker-pool] Shutting down IDLE worker (asia-northeast1-generateImage)"}}
[debug] [2026-04-20T11:01:45.739Z] [worker-asia-northeast1-generateImage-10ebd463-c2a7-4d04-ae90-fb923a6606b2]: FINISHING {"metadata":{"emulator":{"name":"functions"},"function":{"name":"asia-northeast1-generateImage"},"extension":{},"message":"[worker-asia-northeast1-generateImage-10ebd463-c2a7-4d04-ae90-fb923a6606b2]: FINISHING"}}
[debug] [2026-04-20T11:01:45.746Z] [worker-asia-northeast1-analyzeAppearance-298c06a9-e8e2-4160-8c1e-107f3081a53a]: exited {"metadata":{"emulator":{"name":"functions"},"function":{"name":"asia-northeast1-analyzeAppearance"},"extension":{},"message":"[worker-asia-northeast1-analyzeAppearance-298c06a9-e8e2-4160-8c1e-107f3081a53a]: exited"}}
[debug] [2026-04-20T11:01:45.746Z] [worker-asia-northeast1-analyzeAppearance-298c06a9-e8e2-4160-8c1e-107f3081a53a]: FINISHED {"metadata":{"emulator":{"name":"functions"},"function":{"name":"asia-northeast1-analyzeAppearance"},"extension":{},"message":"[worker-asia-northeast1-analyzeAppearance-298c06a9-e8e2-4160-8c1e-107f3081a53a]: FINISHED"}}
[debug] [2026-04-20T11:01:45.746Z] [worker-asia-northeast1-generateImage-10ebd463-c2a7-4d04-ae90-fb923a6606b2]: exited {"metadata":{"emulator":{"name":"functions"},"function":{"name":"asia-northeast1-generateImage"},"extension":{},"message":"[worker-asia-northeast1-generateImage-10ebd463-c2a7-4d04-ae90-fb923a6606b2]: exited"}}
[debug] [2026-04-20T11:01:45.746Z] [worker-asia-northeast1-generateImage-10ebd463-c2a7-4d04-ae90-fb923a6606b2]: FINISHED {"metadata":{"emulator":{"name":"functions"},"function":{"name":"asia-northeast1-generateImage"},"extension":{},"message":"[worker-asia-northeast1-generateImage-10ebd463-c2a7-4d04-ae90-fb923a6606b2]: FINISHED"}}
[debug] [2026-04-20T11:01:45.747Z] [worker-asia-northeast1-generateStory-24863bdf-8a93-4a19-88e4-94f2cfe36fc0]: exited {"metadata":{"emulator":{"name":"functions"},"function":{"name":"asia-northeast1-generateStory"},"extension":{},"message":"[worker-asia-northeast1-generateStory-24863bdf-8a93-4a19-88e4-94f2cfe36fc0]: exited"}}
[debug] [2026-04-20T11:01:45.747Z] [worker-asia-northeast1-generateStory-24863bdf-8a93-4a19-88e4-94f2cfe36fc0]: FINISHED {"metadata":{"emulator":{"name":"functions"},"function":{"name":"asia-northeast1-generateStory"},"extension":{},"message":"[worker-asia-northeast1-generateStory-24863bdf-8a93-4a19-88e4-94f2cfe36fc0]: FINISHED"}}
[debug] [2026-04-20T11:21:19.482Z] [work-queue] {"queuedWork":["/storyme-app-d02d2/asia-northeast1/analyzeAppearance-2026-04-20T11:21:19.481Z"],"queueLength":1,"runningWork":[],"workRunningCount":0}
[debug] [2026-04-20T11:21:19.486Z] [work-queue] {"queuedWork":[],"queueLength":0,"runningWork":["/storyme-app-d02d2/asia-northeast1/analyzeAppearance-2026-04-20T11:21:19.481Z"],"workRunningCount":1}
[debug] [2026-04-20T11:21:19.486Z] Accepted request POST /storyme-app-d02d2/asia-northeast1/analyzeAppearance --> asia-northeast1-analyzeAppearance
[debug] [2026-04-20T11:21:19.489Z] [functions] Runtime ready! Sending request! {"metadata":{"emulator":{"name":"functions"},"message":"[functions] Runtime ready! Sending request!"}}
[debug] [2026-04-20T11:21:19.492Z] [functions] Got req.url=/storyme-app-d02d2/asia-northeast1/analyzeAppearance, mapping to path=/ {"metadata":{"emulator":{"name":"functions"},"message":"[functions] Got req.url=/storyme-app-d02d2/asia-northeast1/analyzeAppearance, mapping to path=/"}}
[debug] [2026-04-20T11:21:19.492Z] [worker-pool] Cleaned up workers for asia-northeast1-analyzeAppearance: 1 --> 0 {"metadata":{"emulator":{"name":"functions"},"message":"[worker-pool] Cleaned up workers for asia-northeast1-analyzeAppearance: 1 --> 0"}}
[debug] [2026-04-20T11:21:19.492Z] [worker-pool] Cleaned up workers for asia-northeast1-generateStory: 1 --> 0 {"metadata":{"emulator":{"name":"functions"},"message":"[worker-pool] Cleaned up workers for asia-northeast1-generateStory: 1 --> 0"}}
[debug] [2026-04-20T11:21:19.492Z] [worker-pool] Cleaned up workers for asia-northeast1-generateImage: 1 --> 0 {"metadata":{"emulator":{"name":"functions"},"message":"[worker-pool] Cleaned up workers for asia-northeast1-generateImage: 1 --> 0"}}
[info] i  functions: Loaded environment variables from .env. 
[debug] [2026-04-20T11:21:19.507Z] [worker-pool] addWorker(asia-northeast1-analyzeAppearance) {"metadata":{"emulator":{"name":"functions"},"message":"[worker-pool] addWorker(asia-northeast1-analyzeAppearance)"}}
[debug] [2026-04-20T11:21:19.508Z] [worker-pool] Adding worker with key asia-northeast1-analyzeAppearance, total=1 {"metadata":{"emulator":{"name":"functions"},"message":"[worker-pool] Adding worker with key asia-northeast1-analyzeAppearance, total=1"}}
[debug] [2026-04-20T11:21:20.125Z] [runtime-status] [13148] Resolved module firebase-admin {"declared":true,"installed":true,"version":"12.7.0","resolution":"/Users/yxk/Downloads/yxkapp/test1/functions/node_modules/firebase-admin/lib/index.js"} {"metadata":{"emulator":{"name":"functions"},"function":{"name":"asia-northeast1-analyzeAppearance"},"extension":{},"message":"[runtime-status] [13148] Resolved module firebase-admin {\"declared\":true,\"installed\":true,\"version\":\"12.7.0\",\"resolution\":\"/Users/yxk/Downloads/yxkapp/test1/functions/node_modules/firebase-admin/lib/index.js\"}"}}
[debug] [2026-04-20T11:21:20.126Z] [runtime-status] [13148] Resolved module firebase-functions {"declared":true,"installed":true,"version":"5.1.1","resolution":"/Users/yxk/Downloads/yxkapp/test1/functions/node_modules/firebase-functions/lib/v1/index.js"} {"metadata":{"emulator":{"name":"functions"},"function":{"name":"asia-northeast1-analyzeAppearance"},"extension":{},"message":"[runtime-status] [13148] Resolved module firebase-functions {\"declared\":true,\"installed\":true,\"version\":\"5.1.1\",\"resolution\":\"/Users/yxk/Downloads/yxkapp/test1/functions/node_modules/firebase-functions/lib/v1/index.js\"}"}}
[debug] [2026-04-20T11:21:20.126Z] [runtime-status] [13148] Outgoing network have been stubbed. [{"name":"http","status":"mocked"},{"name":"http","status":"mocked"},{"name":"https","status":"mocked"},{"name":"https","status":"mocked"},{"name":"net","status":"mocked"}] {"metadata":{"emulator":{"name":"functions"},"function":{"name":"asia-northeast1-analyzeAppearance"},"extension":{},"message":"[runtime-status] [13148] Outgoing network have been stubbed. [{\"name\":\"http\",\"status\":\"mocked\"},{\"name\":\"http\",\"status\":\"mocked\"},{\"name\":\"https\",\"status\":\"mocked\"},{\"name\":\"https\",\"status\":\"mocked\"},{\"name\":\"net\",\"status\":\"mocked\"}]"}}
[debug] [2026-04-20T11:21:20.126Z] [runtime-status] [13148] Resolved module firebase-functions {"declared":true,"installed":true,"version":"5.1.1","resolution":"/Users/yxk/Downloads/yxkapp/test1/functions/node_modules/firebase-functions/lib/v1/index.js"} {"metadata":{"emulator":{"name":"functions"},"function":{"name":"asia-northeast1-analyzeAppearance"},"extension":{},"message":"[runtime-status] [13148] Resolved module firebase-functions {\"declared\":true,\"installed\":true,\"version\":\"5.1.1\",\"resolution\":\"/Users/yxk/Downloads/yxkapp/test1/functions/node_modules/firebase-functions/lib/v1/index.js\"}"}}
[debug] [2026-04-20T11:21:20.176Z] [runtime-status] [13148] Resolved module firebase-admin {"declared":true,"installed":true,"version":"12.7.0","resolution":"/Users/yxk/Downloads/yxkapp/test1/functions/node_modules/firebase-admin/lib/index.js"} {"metadata":{"emulator":{"name":"functions"},"function":{"name":"asia-northeast1-analyzeAppearance"},"extension":{},"message":"[runtime-status] [13148] Resolved module firebase-admin {\"declared\":true,\"installed\":true,\"version\":\"12.7.0\",\"resolution\":\"/Users/yxk/Downloads/yxkapp/test1/functions/node_modules/firebase-admin/lib/index.js\"}"}}
[debug] [2026-04-20T11:21:20.177Z] [runtime-status] [13148] Resolved module firebase-functions {"declared":true,"installed":true,"version":"5.1.1","resolution":"/Users/yxk/Downloads/yxkapp/test1/functions/node_modules/firebase-functions/lib/v1/index.js"} {"metadata":{"emulator":{"name":"functions"},"function":{"name":"asia-northeast1-analyzeAppearance"},"extension":{},"message":"[runtime-status] [13148] Resolved module firebase-functions {\"declared\":true,\"installed\":true,\"version\":\"5.1.1\",\"resolution\":\"/Users/yxk/Downloads/yxkapp/test1/functions/node_modules/firebase-functions/lib/v1/index.js\"}"}}
[debug] [2026-04-20T11:21:20.247Z] [runtime-status] [13148] firebase-admin has been stubbed. {"adminResolution":{"declared":true,"installed":true,"version":"12.7.0","resolution":"/Users/yxk/Downloads/yxkapp/test1/functions/node_modules/firebase-admin/lib/index.js"}} {"metadata":{"emulator":{"name":"functions"},"function":{"name":"asia-northeast1-analyzeAppearance"},"extension":{},"message":"[runtime-status] [13148] firebase-admin has been stubbed. {\"adminResolution\":{\"declared\":true,\"installed\":true,\"version\":\"12.7.0\",\"resolution\":\"/Users/yxk/Downloads/yxkapp/test1/functions/node_modules/firebase-admin/lib/index.js\"}}"}}
[debug] [2026-04-20T11:21:20.251Z] [runtime-status] [13148] Functions runtime initialized. {"cwd":"/Users/yxk/Downloads/yxkapp/test1/functions","node_version":"22.14.0"} {"metadata":{"emulator":{"name":"functions"},"function":{"name":"asia-northeast1-analyzeAppearance"},"extension":{},"message":"[runtime-status] [13148] Functions runtime initialized. {\"cwd\":\"/Users/yxk/Downloads/yxkapp/test1/functions\",\"node_version\":\"22.14.0\"}"}}
[debug] [2026-04-20T11:21:20.251Z] [runtime-status] [13148] Listening to port: /var/folders/sz/qxcgz26534x79qtn2k14_3180000gn/T/fire_emu_a0e592df1e1e4fcb.sock {"metadata":{"emulator":{"name":"functions"},"function":{"name":"asia-northeast1-analyzeAppearance"},"extension":{},"message":"[runtime-status] [13148] Listening to port: /var/folders/sz/qxcgz26534x79qtn2k14_3180000gn/T/fire_emu_a0e592df1e1e4fcb.sock"}}
[debug] [2026-04-20T11:21:20.323Z] [worker-asia-northeast1-analyzeAppearance-c75f5c22-1bea-4000-a64c-f284d6f76612]: IDLE {"metadata":{"emulator":{"name":"functions"},"function":{"name":"asia-northeast1-analyzeAppearance"},"extension":{},"message":"[worker-asia-northeast1-analyzeAppearance-c75f5c22-1bea-4000-a64c-f284d6f76612]: IDLE"}}
[debug] [2026-04-20T11:21:20.323Z] [worker-pool] submitRequest(triggerId=asia-northeast1-analyzeAppearance) {"metadata":{"emulator":{"name":"functions"},"message":"[worker-pool] submitRequest(triggerId=asia-northeast1-analyzeAppearance)"}}
[info] i  functions: Beginning execution of "asia-northeast1-analyzeAppearance" {"metadata":{"emulator":{"name":"functions"},"function":{"name":"asia-northeast1-analyzeAppearance"},"extension":{},"message":"Beginning execution of \"asia-northeast1-analyzeAppearance\""}}
[debug] [2026-04-20T11:21:20.323Z] [worker-asia-northeast1-analyzeAppearance-c75f5c22-1bea-4000-a64c-f284d6f76612]: BUSY {"metadata":{"emulator":{"name":"functions"},"function":{"name":"asia-northeast1-analyzeAppearance"},"extension":{},"message":"[worker-asia-northeast1-analyzeAppearance-c75f5c22-1bea-4000-a64c-f284d6f76612]: BUSY"}}
[info] >  {"verifications":{"app":"MISSING","auth":"VALID"},"logging.googleapis.com/labels":{"firebase-log-type":"callable-request-verification"},"severity":"DEBUG","message":"Callable request verification passed"} {"user":{"verifications":{"app":"MISSING","auth":"VALID"},"logging.googleapis.com/labels":{"firebase-log-type":"callable-request-verification"},"severity":"DEBUG","message":"Callable request verification passed"},"metadata":{"emulator":{"name":"functions"},"function":{"name":"asia-northeast1-analyzeAppearance"},"extension":{},"message":"\u001b[90m> \u001b[39m {\"verifications\":{\"app\":\"MISSING\",\"auth\":\"VALID\"},\"logging.googleapis.com/labels\":{\"firebase-log-type\":\"callable-request-verification\"},\"severity\":\"DEBUG\",\"message\":\"Callable request verification passed\"}"}}
[info] >  {"promptLength":394,"imageCount":3,"prompt":"You are a children's book illustrator assistant. Analyze the child in these photos and return ONLY a concise appearance description in English (max 40 words). Cover: hair color and style, eye color/shape, skin tone, face shape. Example output: 'A young girl with curly auburn hair, bright green eyes, fair skin, and a round cheerful face.' Do not include names, clothing, or background details.","severity":"INFO","message":"analyzeAppearance called"} {"user":{"promptLength":394,"imageCount":3,"prompt":"You are a children's book illustrator assistant. Analyze the child in these photos and return ONLY a concise appearance description in English (max 40 words). Cover: hair color and style, eye color/shape, skin tone, face shape. Example output: 'A young girl with curly auburn hair, bright green eyes, fair skin, and a round cheerful face.' Do not include names, clothing, or background details.","severity":"INFO","message":"analyzeAppearance called"},"metadata":{"emulator":{"name":"functions"},"function":{"name":"asia-northeast1-analyzeAppearance"},"extension":{},"message":"\u001b[90m> \u001b[39m {\"promptLength\":394,\"imageCount\":3,\"prompt\":\"You are a children's book illustrator assistant. Analyze the child in these photos and return ONLY a concise appearance description in English (max 40 words). Cover: hair color and style, eye color/shape, skin tone, face shape. Example output: 'A young girl with curly auburn hair, bright green eyes, fair skin, and a round cheerful face.' Do not include names, clothing, or background details.\",\"severity\":\"INFO\",\"message\":\"analyzeAppearance called\"}"}}
[info] >  {"resultLength":78,"severity":"INFO","message":"analyzeAppearance success"} {"user":{"resultLength":78,"severity":"INFO","message":"analyzeAppearance success"},"metadata":{"emulator":{"name":"functions"},"function":{"name":"asia-northeast1-analyzeAppearance"},"extension":{},"message":"\u001b[90m> \u001b[39m {\"resultLength\":78,\"severity\":\"INFO\",\"message\":\"analyzeAppearance success\"}"}}
[debug] [2026-04-20T11:21:29.582Z] Finishing up request with event=pause {"metadata":{"emulator":{"name":"functions"},"function":{"name":"asia-northeast1-analyzeAppearance"},"extension":{},"message":"Finishing up request with event=pause"}}
[info] i  functions: Finished "asia-northeast1-analyzeAppearance" in 9259.138875ms {"metadata":{"emulator":{"name":"functions"},"function":{"name":"asia-northeast1-analyzeAppearance"},"extension":{},"message":"Finished \"asia-northeast1-analyzeAppearance\" in 9259.138875ms"}}
[debug] [2026-04-20T11:21:29.582Z] [worker-asia-northeast1-analyzeAppearance-c75f5c22-1bea-4000-a64c-f284d6f76612]: IDLE {"metadata":{"emulator":{"name":"functions"},"function":{"name":"asia-northeast1-analyzeAppearance"},"extension":{},"message":"[worker-asia-northeast1-analyzeAppearance-c75f5c22-1bea-4000-a64c-f284d6f76612]: IDLE"}}
[debug] [2026-04-20T11:21:29.583Z] Finishing up request with event=finish {"metadata":{"emulator":{"name":"functions"},"function":{"name":"asia-northeast1-analyzeAppearance"},"extension":{},"message":"Finishing up request with event=finish"}}
[debug] [2026-04-20T11:21:29.583Z] Finishing up request with event=close {"metadata":{"emulator":{"name":"functions"},"function":{"name":"asia-northeast1-analyzeAppearance"},"extension":{},"message":"Finishing up request with event=close"}}
[debug] [2026-04-20T11:21:29.583Z] [work-queue] {"queuedWork":[],"queueLength":0,"runningWork":[],"workRunningCount":0}
[debug] [2026-04-20T11:31:27.668Z] [work-queue] {"queuedWork":["/storyme-app-d02d2/asia-northeast1/analyzeAppearance-2026-04-20T11:31:27.666Z"],"queueLength":1,"runningWork":[],"workRunningCount":0}
[debug] [2026-04-20T11:31:27.672Z] [work-queue] {"queuedWork":[],"queueLength":0,"runningWork":["/storyme-app-d02d2/asia-northeast1/analyzeAppearance-2026-04-20T11:31:27.666Z"],"workRunningCount":1}
[debug] [2026-04-20T11:31:27.672Z] Accepted request POST /storyme-app-d02d2/asia-northeast1/analyzeAppearance --> asia-northeast1-analyzeAppearance
[debug] [2026-04-20T11:31:27.674Z] [functions] Runtime ready! Sending request! {"metadata":{"emulator":{"name":"functions"},"message":"[functions] Runtime ready! Sending request!"}}
[debug] [2026-04-20T11:31:27.676Z] [functions] Got req.url=/storyme-app-d02d2/asia-northeast1/analyzeAppearance, mapping to path=/ {"metadata":{"emulator":{"name":"functions"},"message":"[functions] Got req.url=/storyme-app-d02d2/asia-northeast1/analyzeAppearance, mapping to path=/"}}
[debug] [2026-04-20T11:31:27.676Z] [worker-pool] submitRequest(triggerId=asia-northeast1-analyzeAppearance) {"metadata":{"emulator":{"name":"functions"},"message":"[worker-pool] submitRequest(triggerId=asia-northeast1-analyzeAppearance)"}}
[info] i  functions: Beginning execution of "asia-northeast1-analyzeAppearance" {"metadata":{"emulator":{"name":"functions"},"function":{"name":"asia-northeast1-analyzeAppearance"},"extension":{},"message":"Beginning execution of \"asia-northeast1-analyzeAppearance\""}}
[debug] [2026-04-20T11:31:27.681Z] [worker-asia-northeast1-analyzeAppearance-c75f5c22-1bea-4000-a64c-f284d6f76612]: BUSY {"metadata":{"emulator":{"name":"functions"},"function":{"name":"asia-northeast1-analyzeAppearance"},"extension":{},"message":"[worker-asia-northeast1-analyzeAppearance-c75f5c22-1bea-4000-a64c-f284d6f76612]: BUSY"}}
[info] >  {"verifications":{"app":"MISSING","auth":"VALID"},"logging.googleapis.com/labels":{"firebase-log-type":"callable-request-verification"},"severity":"DEBUG","message":"Callable request verification passed"} {"user":{"verifications":{"app":"MISSING","auth":"VALID"},"logging.googleapis.com/labels":{"firebase-log-type":"callable-request-verification"},"severity":"DEBUG","message":"Callable request verification passed"},"metadata":{"emulator":{"name":"functions"},"function":{"name":"asia-northeast1-analyzeAppearance"},"extension":{},"message":"\u001b[90m> \u001b[39m {\"verifications\":{\"app\":\"MISSING\",\"auth\":\"VALID\"},\"logging.googleapis.com/labels\":{\"firebase-log-type\":\"callable-request-verification\"},\"severity\":\"DEBUG\",\"message\":\"Callable request verification passed\"}"}}
[info] >  {"promptLength":394,"imageCount":3,"prompt":"You are a children's book illustrator assistant. Analyze the child in these photos and return ONLY a concise appearance description in English (max 40 words). Cover: hair color and style, eye color/shape, skin tone, face shape. Example output: 'A young girl with curly auburn hair, bright green eyes, fair skin, and a round cheerful face.' Do not include names, clothing, or background details.","severity":"INFO","message":"analyzeAppearance called"} {"user":{"promptLength":394,"imageCount":3,"prompt":"You are a children's book illustrator assistant. Analyze the child in these photos and return ONLY a concise appearance description in English (max 40 words). Cover: hair color and style, eye color/shape, skin tone, face shape. Example output: 'A young girl with curly auburn hair, bright green eyes, fair skin, and a round cheerful face.' Do not include names, clothing, or background details.","severity":"INFO","message":"analyzeAppearance called"},"metadata":{"emulator":{"name":"functions"},"function":{"name":"asia-northeast1-analyzeAppearance"},"extension":{},"message":"\u001b[90m> \u001b[39m {\"promptLength\":394,\"imageCount\":3,\"prompt\":\"You are a children's book illustrator assistant. Analyze the child in these photos and return ONLY a concise appearance description in English (max 40 words). Cover: hair color and style, eye color/shape, skin tone, face shape. Example output: 'A young girl with curly auburn hair, bright green eyes, fair skin, and a round cheerful face.' Do not include names, clothing, or background details.\",\"severity\":\"INFO\",\"message\":\"analyzeAppearance called\"}"}}
[info] >  {"resultLength":109,"severity":"INFO","message":"analyzeAppearance success"} {"user":{"resultLength":109,"severity":"INFO","message":"analyzeAppearance success"},"metadata":{"emulator":{"name":"functions"},"function":{"name":"asia-northeast1-analyzeAppearance"},"extension":{},"message":"\u001b[90m> \u001b[39m {\"resultLength\":109,\"severity\":\"INFO\",\"message\":\"analyzeAppearance success\"}"}}
[debug] [2026-04-20T11:31:45.081Z] Finishing up request with event=pause {"metadata":{"emulator":{"name":"functions"},"function":{"name":"asia-northeast1-analyzeAppearance"},"extension":{},"message":"Finishing up request with event=pause"}}
[info] i  functions: Finished "asia-northeast1-analyzeAppearance" in 17401.229459ms {"metadata":{"emulator":{"name":"functions"},"function":{"name":"asia-northeast1-analyzeAppearance"},"extension":{},"message":"Finished \"asia-northeast1-analyzeAppearance\" in 17401.229459ms"}}
[debug] [2026-04-20T11:31:45.082Z] [worker-asia-northeast1-analyzeAppearance-c75f5c22-1bea-4000-a64c-f284d6f76612]: IDLE {"metadata":{"emulator":{"name":"functions"},"function":{"name":"asia-northeast1-analyzeAppearance"},"extension":{},"message":"[worker-asia-northeast1-analyzeAppearance-c75f5c22-1bea-4000-a64c-f284d6f76612]: IDLE"}}
[debug] [2026-04-20T11:31:45.082Z] Finishing up request with event=finish {"metadata":{"emulator":{"name":"functions"},"function":{"name":"asia-northeast1-analyzeAppearance"},"extension":{},"message":"Finishing up request with event=finish"}}
[debug] [2026-04-20T11:31:45.082Z] Finishing up request with event=close {"metadata":{"emulator":{"name":"functions"},"function":{"name":"asia-northeast1-analyzeAppearance"},"extension":{},"message":"Finishing up request with event=close"}}
[debug] [2026-04-20T11:31:45.082Z] [work-queue] {"queuedWork":[],"queueLength":0,"runningWork":[],"workRunningCount":0}
[debug] [2026-04-20T11:40:52.144Z] [work-queue] {"queuedWork":["/storyme-app-d02d2/asia-northeast1/analyzeAppearance-2026-04-20T11:40:52.143Z"],"queueLength":1,"runningWork":[],"workRunningCount":0}
[debug] [2026-04-20T11:40:52.145Z] [work-queue] {"queuedWork":[],"queueLength":0,"runningWork":["/storyme-app-d02d2/asia-northeast1/analyzeAppearance-2026-04-20T11:40:52.143Z"],"workRunningCount":1}
[debug] [2026-04-20T11:40:52.145Z] Accepted request POST /storyme-app-d02d2/asia-northeast1/analyzeAppearance --> asia-northeast1-analyzeAppearance
[debug] [2026-04-20T11:40:52.147Z] [functions] Runtime ready! Sending request! {"metadata":{"emulator":{"name":"functions"},"message":"[functions] Runtime ready! Sending request!"}}
[debug] [2026-04-20T11:40:52.147Z] [functions] Got req.url=/storyme-app-d02d2/asia-northeast1/analyzeAppearance, mapping to path=/ {"metadata":{"emulator":{"name":"functions"},"message":"[functions] Got req.url=/storyme-app-d02d2/asia-northeast1/analyzeAppearance, mapping to path=/"}}
[debug] [2026-04-20T11:40:52.148Z] [worker-pool] submitRequest(triggerId=asia-northeast1-analyzeAppearance) {"metadata":{"emulator":{"name":"functions"},"message":"[worker-pool] submitRequest(triggerId=asia-northeast1-analyzeAppearance)"}}
[info] i  functions: Beginning execution of "asia-northeast1-analyzeAppearance" {"metadata":{"emulator":{"name":"functions"},"function":{"name":"asia-northeast1-analyzeAppearance"},"extension":{},"message":"Beginning execution of \"asia-northeast1-analyzeAppearance\""}}
[debug] [2026-04-20T11:40:52.149Z] [worker-asia-northeast1-analyzeAppearance-c75f5c22-1bea-4000-a64c-f284d6f76612]: BUSY {"metadata":{"emulator":{"name":"functions"},"function":{"name":"asia-northeast1-analyzeAppearance"},"extension":{},"message":"[worker-asia-northeast1-analyzeAppearance-c75f5c22-1bea-4000-a64c-f284d6f76612]: BUSY"}}
[info] >  {"verifications":{"app":"MISSING","auth":"VALID"},"logging.googleapis.com/labels":{"firebase-log-type":"callable-request-verification"},"severity":"DEBUG","message":"Callable request verification passed"} {"user":{"verifications":{"app":"MISSING","auth":"VALID"},"logging.googleapis.com/labels":{"firebase-log-type":"callable-request-verification"},"severity":"DEBUG","message":"Callable request verification passed"},"metadata":{"emulator":{"name":"functions"},"function":{"name":"asia-northeast1-analyzeAppearance"},"extension":{},"message":"\u001b[90m> \u001b[39m {\"verifications\":{\"app\":\"MISSING\",\"auth\":\"VALID\"},\"logging.googleapis.com/labels\":{\"firebase-log-type\":\"callable-request-verification\"},\"severity\":\"DEBUG\",\"message\":\"Callable request verification passed\"}"}}
[info] >  {"promptLength":394,"imageCount":3,"prompt":"You are a children's book illustrator assistant. Analyze the child in these photos and return ONLY a concise appearance description in English (max 40 words). Cover: hair color and style, eye color/shape, skin tone, face shape. Example output: 'A young girl with curly auburn hair, bright green eyes, fair skin, and a round cheerful face.' Do not include names, clothing, or background details.","severity":"INFO","message":"analyzeAppearance called"} {"user":{"promptLength":394,"imageCount":3,"prompt":"You are a children's book illustrator assistant. Analyze the child in these photos and return ONLY a concise appearance description in English (max 40 words). Cover: hair color and style, eye color/shape, skin tone, face shape. Example output: 'A young girl with curly auburn hair, bright green eyes, fair skin, and a round cheerful face.' Do not include names, clothing, or background details.","severity":"INFO","message":"analyzeAppearance called"},"metadata":{"emulator":{"name":"functions"},"function":{"name":"asia-northeast1-analyzeAppearance"},"extension":{},"message":"\u001b[90m> \u001b[39m {\"promptLength\":394,\"imageCount\":3,\"prompt\":\"You are a children's book illustrator assistant. Analyze the child in these photos and return ONLY a concise appearance description in English (max 40 words). Cover: hair color and style, eye color/shape, skin tone, face shape. Example output: 'A young girl with curly auburn hair, bright green eyes, fair skin, and a round cheerful face.' Do not include names, clothing, or background details.\",\"severity\":\"INFO\",\"message\":\"analyzeAppearance called\"}"}}
[info] >  {"resultLength":102,"severity":"INFO","message":"analyzeAppearance success"} {"user":{"resultLength":102,"severity":"INFO","message":"analyzeAppearance success"},"metadata":{"emulator":{"name":"functions"},"function":{"name":"asia-northeast1-analyzeAppearance"},"extension":{},"message":"\u001b[90m> \u001b[39m {\"resultLength\":102,\"severity\":\"INFO\",\"message\":\"analyzeAppearance success\"}"}}
[debug] [2026-04-20T11:41:02.310Z] Finishing up request with event=pause {"metadata":{"emulator":{"name":"functions"},"function":{"name":"asia-northeast1-analyzeAppearance"},"extension":{},"message":"Finishing up request with event=pause"}}
[info] i  functions: Finished "asia-northeast1-analyzeAppearance" in 10161.653416ms {"metadata":{"emulator":{"name":"functions"},"function":{"name":"asia-northeast1-analyzeAppearance"},"extension":{},"message":"Finished \"asia-northeast1-analyzeAppearance\" in 10161.653416ms"}}
[debug] [2026-04-20T11:41:02.311Z] [worker-asia-northeast1-analyzeAppearance-c75f5c22-1bea-4000-a64c-f284d6f76612]: IDLE {"metadata":{"emulator":{"name":"functions"},"function":{"name":"asia-northeast1-analyzeAppearance"},"extension":{},"message":"[worker-asia-northeast1-analyzeAppearance-c75f5c22-1bea-4000-a64c-f284d6f76612]: IDLE"}}
[debug] [2026-04-20T11:41:02.311Z] Finishing up request with event=finish {"metadata":{"emulator":{"name":"functions"},"function":{"name":"asia-northeast1-analyzeAppearance"},"extension":{},"message":"Finishing up request with event=finish"}}
[debug] [2026-04-20T11:41:02.312Z] Finishing up request with event=close {"metadata":{"emulator":{"name":"functions"},"function":{"name":"asia-northeast1-analyzeAppearance"},"extension":{},"message":"Finishing up request with event=close"}}
[debug] [2026-04-20T11:41:02.313Z] [work-queue] {"queuedWork":[],"queueLength":0,"runningWork":[],"workRunningCount":0}
[debug] [2026-04-20T11:41:13.994Z] [work-queue] {"queuedWork":["/storyme-app-d02d2/asia-northeast1/generateStory-2026-04-20T11:41:13.994Z"],"queueLength":1,"runningWork":[],"workRunningCount":0}
[debug] [2026-04-20T11:41:13.994Z] [work-queue] {"queuedWork":[],"queueLength":0,"runningWork":["/storyme-app-d02d2/asia-northeast1/generateStory-2026-04-20T11:41:13.994Z"],"workRunningCount":1}
[debug] [2026-04-20T11:41:13.995Z] Accepted request POST /storyme-app-d02d2/asia-northeast1/generateStory --> asia-northeast1-generateStory
[debug] [2026-04-20T11:41:13.996Z] [functions] Runtime ready! Sending request! {"metadata":{"emulator":{"name":"functions"},"message":"[functions] Runtime ready! Sending request!"}}
[debug] [2026-04-20T11:41:13.996Z] [functions] Got req.url=/storyme-app-d02d2/asia-northeast1/generateStory, mapping to path=/ {"metadata":{"emulator":{"name":"functions"},"message":"[functions] Got req.url=/storyme-app-d02d2/asia-northeast1/generateStory, mapping to path=/"}}
[info] i  functions: Loaded environment variables from .env. 
[debug] [2026-04-20T11:41:14.009Z] [worker-pool] addWorker(asia-northeast1-generateStory) {"metadata":{"emulator":{"name":"functions"},"message":"[worker-pool] addWorker(asia-northeast1-generateStory)"}}
[debug] [2026-04-20T11:41:14.010Z] [worker-pool] Adding worker with key asia-northeast1-generateStory, total=1 {"metadata":{"emulator":{"name":"functions"},"message":"[worker-pool] Adding worker with key asia-northeast1-generateStory, total=1"}}
[debug] [2026-04-20T11:41:14.614Z] [runtime-status] [16707] Resolved module firebase-admin {"declared":true,"installed":true,"version":"12.7.0","resolution":"/Users/yxk/Downloads/yxkapp/test1/functions/node_modules/firebase-admin/lib/index.js"} {"metadata":{"emulator":{"name":"functions"},"function":{"name":"asia-northeast1-generateStory"},"extension":{},"message":"[runtime-status] [16707] Resolved module firebase-admin {\"declared\":true,\"installed\":true,\"version\":\"12.7.0\",\"resolution\":\"/Users/yxk/Downloads/yxkapp/test1/functions/node_modules/firebase-admin/lib/index.js\"}"}}
[debug] [2026-04-20T11:41:14.615Z] [runtime-status] [16707] Resolved module firebase-functions {"declared":true,"installed":true,"version":"5.1.1","resolution":"/Users/yxk/Downloads/yxkapp/test1/functions/node_modules/firebase-functions/lib/v1/index.js"} {"metadata":{"emulator":{"name":"functions"},"function":{"name":"asia-northeast1-generateStory"},"extension":{},"message":"[runtime-status] [16707] Resolved module firebase-functions {\"declared\":true,\"installed\":true,\"version\":\"5.1.1\",\"resolution\":\"/Users/yxk/Downloads/yxkapp/test1/functions/node_modules/firebase-functions/lib/v1/index.js\"}"}}
[debug] [2026-04-20T11:41:14.615Z] [runtime-status] [16707] Outgoing network have been stubbed. [{"name":"http","status":"mocked"},{"name":"http","status":"mocked"},{"name":"https","status":"mocked"},{"name":"https","status":"mocked"},{"name":"net","status":"mocked"}] {"metadata":{"emulator":{"name":"functions"},"function":{"name":"asia-northeast1-generateStory"},"extension":{},"message":"[runtime-status] [16707] Outgoing network have been stubbed. [{\"name\":\"http\",\"status\":\"mocked\"},{\"name\":\"http\",\"status\":\"mocked\"},{\"name\":\"https\",\"status\":\"mocked\"},{\"name\":\"https\",\"status\":\"mocked\"},{\"name\":\"net\",\"status\":\"mocked\"}]"}}
[debug] [2026-04-20T11:41:14.615Z] [runtime-status] [16707] Resolved module firebase-functions {"declared":true,"installed":true,"version":"5.1.1","resolution":"/Users/yxk/Downloads/yxkapp/test1/functions/node_modules/firebase-functions/lib/v1/index.js"} {"metadata":{"emulator":{"name":"functions"},"function":{"name":"asia-northeast1-generateStory"},"extension":{},"message":"[runtime-status] [16707] Resolved module firebase-functions {\"declared\":true,\"installed\":true,\"version\":\"5.1.1\",\"resolution\":\"/Users/yxk/Downloads/yxkapp/test1/functions/node_modules/firebase-functions/lib/v1/index.js\"}"}}
[debug] [2026-04-20T11:41:14.662Z] [runtime-status] [16707] Resolved module firebase-admin {"declared":true,"installed":true,"version":"12.7.0","resolution":"/Users/yxk/Downloads/yxkapp/test1/functions/node_modules/firebase-admin/lib/index.js"} {"metadata":{"emulator":{"name":"functions"},"function":{"name":"asia-northeast1-generateStory"},"extension":{},"message":"[runtime-status] [16707] Resolved module firebase-admin {\"declared\":true,\"installed\":true,\"version\":\"12.7.0\",\"resolution\":\"/Users/yxk/Downloads/yxkapp/test1/functions/node_modules/firebase-admin/lib/index.js\"}"}}
[debug] [2026-04-20T11:41:14.663Z] [runtime-status] [16707] Resolved module firebase-functions {"declared":true,"installed":true,"version":"5.1.1","resolution":"/Users/yxk/Downloads/yxkapp/test1/functions/node_modules/firebase-functions/lib/v1/index.js"} {"metadata":{"emulator":{"name":"functions"},"function":{"name":"asia-northeast1-generateStory"},"extension":{},"message":"[runtime-status] [16707] Resolved module firebase-functions {\"declared\":true,\"installed\":true,\"version\":\"5.1.1\",\"resolution\":\"/Users/yxk/Downloads/yxkapp/test1/functions/node_modules/firebase-functions/lib/v1/index.js\"}"}}
[debug] [2026-04-20T11:41:14.724Z] [runtime-status] [16707] firebase-admin has been stubbed. {"adminResolution":{"declared":true,"installed":true,"version":"12.7.0","resolution":"/Users/yxk/Downloads/yxkapp/test1/functions/node_modules/firebase-admin/lib/index.js"}} {"metadata":{"emulator":{"name":"functions"},"function":{"name":"asia-northeast1-generateStory"},"extension":{},"message":"[runtime-status] [16707] firebase-admin has been stubbed. {\"adminResolution\":{\"declared\":true,\"installed\":true,\"version\":\"12.7.0\",\"resolution\":\"/Users/yxk/Downloads/yxkapp/test1/functions/node_modules/firebase-admin/lib/index.js\"}}"}}
[debug] [2026-04-20T11:41:14.727Z] [runtime-status] [16707] Functions runtime initialized. {"cwd":"/Users/yxk/Downloads/yxkapp/test1/functions","node_version":"22.14.0"} {"metadata":{"emulator":{"name":"functions"},"function":{"name":"asia-northeast1-generateStory"},"extension":{},"message":"[runtime-status] [16707] Functions runtime initialized. {\"cwd\":\"/Users/yxk/Downloads/yxkapp/test1/functions\",\"node_version\":\"22.14.0\"}"}}
[debug] [2026-04-20T11:41:14.727Z] [runtime-status] [16707] Listening to port: /var/folders/sz/qxcgz26534x79qtn2k14_3180000gn/T/fire_emu_f84a5e1a32bcfb46.sock {"metadata":{"emulator":{"name":"functions"},"function":{"name":"asia-northeast1-generateStory"},"extension":{},"message":"[runtime-status] [16707] Listening to port: /var/folders/sz/qxcgz26534x79qtn2k14_3180000gn/T/fire_emu_f84a5e1a32bcfb46.sock"}}
[debug] [2026-04-20T11:41:14.825Z] [worker-asia-northeast1-generateStory-404e9239-f976-4e6d-bb6d-e72594a5803f]: IDLE {"metadata":{"emulator":{"name":"functions"},"function":{"name":"asia-northeast1-generateStory"},"extension":{},"message":"[worker-asia-northeast1-generateStory-404e9239-f976-4e6d-bb6d-e72594a5803f]: IDLE"}}
[debug] [2026-04-20T11:41:14.825Z] [worker-pool] submitRequest(triggerId=asia-northeast1-generateStory) {"metadata":{"emulator":{"name":"functions"},"message":"[worker-pool] submitRequest(triggerId=asia-northeast1-generateStory)"}}
[info] i  functions: Beginning execution of "asia-northeast1-generateStory" {"metadata":{"emulator":{"name":"functions"},"function":{"name":"asia-northeast1-generateStory"},"extension":{},"message":"Beginning execution of \"asia-northeast1-generateStory\""}}
[debug] [2026-04-20T11:41:14.826Z] [worker-asia-northeast1-generateStory-404e9239-f976-4e6d-bb6d-e72594a5803f]: BUSY {"metadata":{"emulator":{"name":"functions"},"function":{"name":"asia-northeast1-generateStory"},"extension":{},"message":"[worker-asia-northeast1-generateStory-404e9239-f976-4e6d-bb6d-e72594a5803f]: BUSY"}}
[info] >  {"verifications":{"app":"MISSING","auth":"VALID"},"logging.googleapis.com/labels":{"firebase-log-type":"callable-request-verification"},"severity":"DEBUG","message":"Callable request verification passed"} {"user":{"verifications":{"app":"MISSING","auth":"VALID"},"logging.googleapis.com/labels":{"firebase-log-type":"callable-request-verification"},"severity":"DEBUG","message":"Callable request verification passed"},"metadata":{"emulator":{"name":"functions"},"function":{"name":"asia-northeast1-generateStory"},"extension":{},"message":"\u001b[90m> \u001b[39m {\"verifications\":{\"app\":\"MISSING\",\"auth\":\"VALID\"},\"logging.googleapis.com/labels\":{\"firebase-log-type\":\"callable-request-verification\"},\"severity\":\"DEBUG\",\"message\":\"Callable request verification passed\"}"}}
[info] >  {"childName":"Emma","theme":"Emma is playing in the warm spring sunshine, admiring a peach blossom in the garden. A small white butterfly is just about to land on a flower.","style":"Warm & Cozy","pageCount":1,"severity":"INFO","message":"generateStory called"} {"user":{"childName":"Emma","theme":"Emma is playing in the warm spring sunshine, admiring a peach blossom in the garden. A small white butterfly is just about to land on a flower.","style":"Warm & Cozy","pageCount":1,"severity":"INFO","message":"generateStory called"},"metadata":{"emulator":{"name":"functions"},"function":{"name":"asia-northeast1-generateStory"},"extension":{},"message":"\u001b[90m> \u001b[39m {\"childName\":\"Emma\",\"theme\":\"Emma is playing in the warm spring sunshine, admiring a peach blossom in the garden. A small white butterfly is just about to land on a flower.\",\"style\":\"Warm & Cozy\",\"pageCount\":1,\"severity\":\"INFO\",\"message\":\"generateStory called\"}"}}
[info] >  {"childName":"Emma","contentLength":611,"severity":"INFO","message":"generateStory success"} {"user":{"childName":"Emma","contentLength":611,"severity":"INFO","message":"generateStory success"},"metadata":{"emulator":{"name":"functions"},"function":{"name":"asia-northeast1-generateStory"},"extension":{},"message":"\u001b[90m> \u001b[39m {\"childName\":\"Emma\",\"contentLength\":611,\"severity\":\"INFO\",\"message\":\"generateStory success\"}"}}
[debug] [2026-04-20T11:41:48.473Z] Finishing up request with event=pause {"metadata":{"emulator":{"name":"functions"},"function":{"name":"asia-northeast1-generateStory"},"extension":{},"message":"Finishing up request with event=pause"}}
[info] i  functions: Finished "asia-northeast1-generateStory" in 33648.153459ms {"metadata":{"emulator":{"name":"functions"},"function":{"name":"asia-northeast1-generateStory"},"extension":{},"message":"Finished \"asia-northeast1-generateStory\" in 33648.153459ms"}}
[debug] [2026-04-20T11:41:48.475Z] [worker-asia-northeast1-generateStory-404e9239-f976-4e6d-bb6d-e72594a5803f]: IDLE {"metadata":{"emulator":{"name":"functions"},"function":{"name":"asia-northeast1-generateStory"},"extension":{},"message":"[worker-asia-northeast1-generateStory-404e9239-f976-4e6d-bb6d-e72594a5803f]: IDLE"}}
[debug] [2026-04-20T11:41:48.476Z] Finishing up request with event=finish {"metadata":{"emulator":{"name":"functions"},"function":{"name":"asia-northeast1-generateStory"},"extension":{},"message":"Finishing up request with event=finish"}}
[debug] [2026-04-20T11:41:48.477Z] Finishing up request with event=close {"metadata":{"emulator":{"name":"functions"},"function":{"name":"asia-northeast1-generateStory"},"extension":{},"message":"Finishing up request with event=close"}}
[debug] [2026-04-20T11:41:48.477Z] [work-queue] {"queuedWork":[],"queueLength":0,"runningWork":[],"workRunningCount":0}
[debug] [2026-04-20T11:41:48.502Z] [work-queue] {"queuedWork":["/storyme-app-d02d2/asia-northeast1/generateImage-2026-04-20T11:41:48.502Z"],"queueLength":1,"runningWork":[],"workRunningCount":0}
[debug] [2026-04-20T11:41:48.502Z] [work-queue] {"queuedWork":[],"queueLength":0,"runningWork":["/storyme-app-d02d2/asia-northeast1/generateImage-2026-04-20T11:41:48.502Z"],"workRunningCount":1}
[debug] [2026-04-20T11:41:48.502Z] Accepted request POST /storyme-app-d02d2/asia-northeast1/generateImage --> asia-northeast1-generateImage
[debug] [2026-04-20T11:41:48.502Z] [functions] Runtime ready! Sending request! {"metadata":{"emulator":{"name":"functions"},"message":"[functions] Runtime ready! Sending request!"}}
[debug] [2026-04-20T11:41:48.503Z] [functions] Got req.url=/storyme-app-d02d2/asia-northeast1/generateImage, mapping to path=/ {"metadata":{"emulator":{"name":"functions"},"message":"[functions] Got req.url=/storyme-app-d02d2/asia-northeast1/generateImage, mapping to path=/"}}
[info] i  functions: Loaded environment variables from .env. 
[debug] [2026-04-20T11:41:48.505Z] [worker-pool] addWorker(asia-northeast1-generateImage) {"metadata":{"emulator":{"name":"functions"},"message":"[worker-pool] addWorker(asia-northeast1-generateImage)"}}
[debug] [2026-04-20T11:41:48.505Z] [worker-pool] Adding worker with key asia-northeast1-generateImage, total=1 {"metadata":{"emulator":{"name":"functions"},"message":"[worker-pool] Adding worker with key asia-northeast1-generateImage, total=1"}}
[debug] [2026-04-20T11:41:49.375Z] [runtime-status] [16737] Resolved module firebase-admin {"declared":true,"installed":true,"version":"12.7.0","resolution":"/Users/yxk/Downloads/yxkapp/test1/functions/node_modules/firebase-admin/lib/index.js"} {"metadata":{"emulator":{"name":"functions"},"function":{"name":"asia-northeast1-generateImage"},"extension":{},"message":"[runtime-status] [16737] Resolved module firebase-admin {\"declared\":true,\"installed\":true,\"version\":\"12.7.0\",\"resolution\":\"/Users/yxk/Downloads/yxkapp/test1/functions/node_modules/firebase-admin/lib/index.js\"}"}}
[debug] [2026-04-20T11:41:49.376Z] [runtime-status] [16737] Resolved module firebase-functions {"declared":true,"installed":true,"version":"5.1.1","resolution":"/Users/yxk/Downloads/yxkapp/test1/functions/node_modules/firebase-functions/lib/v1/index.js"} {"metadata":{"emulator":{"name":"functions"},"function":{"name":"asia-northeast1-generateImage"},"extension":{},"message":"[runtime-status] [16737] Resolved module firebase-functions {\"declared\":true,\"installed\":true,\"version\":\"5.1.1\",\"resolution\":\"/Users/yxk/Downloads/yxkapp/test1/functions/node_modules/firebase-functions/lib/v1/index.js\"}"}}
[debug] [2026-04-20T11:41:49.376Z] [runtime-status] [16737] Outgoing network have been stubbed. [{"name":"http","status":"mocked"},{"name":"http","status":"mocked"},{"name":"https","status":"mocked"},{"name":"https","status":"mocked"},{"name":"net","status":"mocked"}] {"metadata":{"emulator":{"name":"functions"},"function":{"name":"asia-northeast1-generateImage"},"extension":{},"message":"[runtime-status] [16737] Outgoing network have been stubbed. [{\"name\":\"http\",\"status\":\"mocked\"},{\"name\":\"http\",\"status\":\"mocked\"},{\"name\":\"https\",\"status\":\"mocked\"},{\"name\":\"https\",\"status\":\"mocked\"},{\"name\":\"net\",\"status\":\"mocked\"}]"}}
[debug] [2026-04-20T11:41:49.376Z] [runtime-status] [16737] Resolved module firebase-functions {"declared":true,"installed":true,"version":"5.1.1","resolution":"/Users/yxk/Downloads/yxkapp/test1/functions/node_modules/firebase-functions/lib/v1/index.js"} {"metadata":{"emulator":{"name":"functions"},"function":{"name":"asia-northeast1-generateImage"},"extension":{},"message":"[runtime-status] [16737] Resolved module firebase-functions {\"declared\":true,\"installed\":true,\"version\":\"5.1.1\",\"resolution\":\"/Users/yxk/Downloads/yxkapp/test1/functions/node_modules/firebase-functions/lib/v1/index.js\"}"}}
[debug] [2026-04-20T11:41:49.421Z] [runtime-status] [16737] Resolved module firebase-admin {"declared":true,"installed":true,"version":"12.7.0","resolution":"/Users/yxk/Downloads/yxkapp/test1/functions/node_modules/firebase-admin/lib/index.js"} {"metadata":{"emulator":{"name":"functions"},"function":{"name":"asia-northeast1-generateImage"},"extension":{},"message":"[runtime-status] [16737] Resolved module firebase-admin {\"declared\":true,\"installed\":true,\"version\":\"12.7.0\",\"resolution\":\"/Users/yxk/Downloads/yxkapp/test1/functions/node_modules/firebase-admin/lib/index.js\"}"}}
[debug] [2026-04-20T11:41:49.422Z] [runtime-status] [16737] Resolved module firebase-functions {"declared":true,"installed":true,"version":"5.1.1","resolution":"/Users/yxk/Downloads/yxkapp/test1/functions/node_modules/firebase-functions/lib/v1/index.js"} {"metadata":{"emulator":{"name":"functions"},"function":{"name":"asia-northeast1-generateImage"},"extension":{},"message":"[runtime-status] [16737] Resolved module firebase-functions {\"declared\":true,\"installed\":true,\"version\":\"5.1.1\",\"resolution\":\"/Users/yxk/Downloads/yxkapp/test1/functions/node_modules/firebase-functions/lib/v1/index.js\"}"}}
[debug] [2026-04-20T11:41:49.482Z] [runtime-status] [16737] firebase-admin has been stubbed. {"adminResolution":{"declared":true,"installed":true,"version":"12.7.0","resolution":"/Users/yxk/Downloads/yxkapp/test1/functions/node_modules/firebase-admin/lib/index.js"}} {"metadata":{"emulator":{"name":"functions"},"function":{"name":"asia-northeast1-generateImage"},"extension":{},"message":"[runtime-status] [16737] firebase-admin has been stubbed. {\"adminResolution\":{\"declared\":true,\"installed\":true,\"version\":\"12.7.0\",\"resolution\":\"/Users/yxk/Downloads/yxkapp/test1/functions/node_modules/firebase-admin/lib/index.js\"}}"}}
[debug] [2026-04-20T11:41:49.486Z] [runtime-status] [16737] Functions runtime initialized. {"cwd":"/Users/yxk/Downloads/yxkapp/test1/functions","node_version":"22.14.0"} {"metadata":{"emulator":{"name":"functions"},"function":{"name":"asia-northeast1-generateImage"},"extension":{},"message":"[runtime-status] [16737] Functions runtime initialized. {\"cwd\":\"/Users/yxk/Downloads/yxkapp/test1/functions\",\"node_version\":\"22.14.0\"}"}}
[debug] [2026-04-20T11:41:49.486Z] [runtime-status] [16737] Listening to port: /var/folders/sz/qxcgz26534x79qtn2k14_3180000gn/T/fire_emu_3d43cfe20a339f44.sock {"metadata":{"emulator":{"name":"functions"},"function":{"name":"asia-northeast1-generateImage"},"extension":{},"message":"[runtime-status] [16737] Listening to port: /var/folders/sz/qxcgz26534x79qtn2k14_3180000gn/T/fire_emu_3d43cfe20a339f44.sock"}}
[debug] [2026-04-20T11:41:49.586Z] [worker-asia-northeast1-generateImage-5e5536f8-0887-48d0-8879-9eb5e29f0fd6]: IDLE {"metadata":{"emulator":{"name":"functions"},"function":{"name":"asia-northeast1-generateImage"},"extension":{},"message":"[worker-asia-northeast1-generateImage-5e5536f8-0887-48d0-8879-9eb5e29f0fd6]: IDLE"}}
[debug] [2026-04-20T11:41:49.586Z] [worker-pool] submitRequest(triggerId=asia-northeast1-generateImage) {"metadata":{"emulator":{"name":"functions"},"message":"[worker-pool] submitRequest(triggerId=asia-northeast1-generateImage)"}}
[info] i  functions: Beginning execution of "asia-northeast1-generateImage" {"metadata":{"emulator":{"name":"functions"},"function":{"name":"asia-northeast1-generateImage"},"extension":{},"message":"Beginning execution of \"asia-northeast1-generateImage\""}}
[debug] [2026-04-20T11:41:49.587Z] [worker-asia-northeast1-generateImage-5e5536f8-0887-48d0-8879-9eb5e29f0fd6]: BUSY {"metadata":{"emulator":{"name":"functions"},"function":{"name":"asia-northeast1-generateImage"},"extension":{},"message":"[worker-asia-northeast1-generateImage-5e5536f8-0887-48d0-8879-9eb5e29f0fd6]: BUSY"}}
[info] >  {"verifications":{"app":"MISSING","auth":"VALID"},"logging.googleapis.com/labels":{"firebase-log-type":"callable-request-verification"},"severity":"DEBUG","message":"Callable request verification passed"} {"user":{"verifications":{"app":"MISSING","auth":"VALID"},"logging.googleapis.com/labels":{"firebase-log-type":"callable-request-verification"},"severity":"DEBUG","message":"Callable request verification passed"},"metadata":{"emulator":{"name":"functions"},"function":{"name":"asia-northeast1-generateImage"},"extension":{},"message":"\u001b[90m> \u001b[39m {\"verifications\":{\"app\":\"MISSING\",\"auth\":\"VALID\"},\"logging.googleapis.com/labels\":{\"firebase-log-type\":\"callable-request-verification\"},\"severity\":\"DEBUG\",\"message\":\"Callable request verification passed\"}"}}
[info] >  {"promptLength":867,"prompt":"The child protagonist has the following appearance: A young child with black braided hair (with bows), dark almond eyes, fair rosy skin, and a round face.. Needle felted storybook style, thick felted wool texture on the surface, minimalist and poetic flat art style, mysterious and serene, tiny intricate wool fibers covering the entire scene, fuzzy pilling effect, felt craft aesthetic, composed of fine wool fuzz. Children's book illustration for a Warm & Cozy children's story. Scene: Emma (black braided hair with pink bows, dark almond eyes, fair rosy cheeks, round face) sits cross-legged on soft green grass, holding out her small hand. A white butterfly rests on her palm; behind her, a peach tree with pink blossoms blooms under a bright sun, and daisies dot the grass.. Style: warm, colorful, cartoon, soft lighting, friendly characters. A child named Emma.","severity":"INFO","message":"generateImage called"} {"user":{"promptLength":867,"prompt":"The child protagonist has the following appearance: A young child with black braided hair (with bows), dark almond eyes, fair rosy skin, and a round face.. Needle felted storybook style, thick felted wool texture on the surface, minimalist and poetic flat art style, mysterious and serene, tiny intricate wool fibers covering the entire scene, fuzzy pilling effect, felt craft aesthetic, composed of fine wool fuzz. Children's book illustration for a Warm & Cozy children's story. Scene: Emma (black braided hair with pink bows, dark almond eyes, fair rosy cheeks, round face) sits cross-legged on soft green grass, holding out her small hand. A white butterfly rests on her palm; behind her, a peach tree with pink blossoms blooms under a bright sun, and daisies dot the grass.. Style: warm, colorful, cartoon, soft lighting, friendly characters. A child named Emma.","severity":"INFO","message":"generateImage called"},"metadata":{"emulator":{"name":"functions"},"function":{"name":"asia-northeast1-generateImage"},"extension":{},"message":"\u001b[90m> \u001b[39m {\"promptLength\":867,\"prompt\":\"The child protagonist has the following appearance: A young child with black braided hair (with bows), dark almond eyes, fair rosy skin, and a round face.. Needle felted storybook style, thick felted wool texture on the surface, minimalist and poetic flat art style, mysterious and serene, tiny intricate wool fibers covering the entire scene, fuzzy pilling effect, felt craft aesthetic, composed of fine wool fuzz. Children's book illustration for a Warm & Cozy children's story. Scene: Emma (black braided hair with pink bows, dark almond eyes, fair rosy cheeks, round face) sits cross-legged on soft green grass, holding out her small hand. A white butterfly rests on her palm; behind her, a peach tree with pink blossoms blooms under a bright sun, and daisies dot the grass.. Style: warm, colorful, cartoon, soft lighting, friendly characters. A child named Emma.\",\"severity\":\"INFO\",\"message\":\"generateImage called\"}"}}
[info] >  {"b64Length":410372,"severity":"INFO","message":"generateImage success"} {"user":{"b64Length":410372,"severity":"INFO","message":"generateImage success"},"metadata":{"emulator":{"name":"functions"},"function":{"name":"asia-northeast1-generateImage"},"extension":{},"message":"\u001b[90m> \u001b[39m {\"b64Length\":410372,\"severity\":\"INFO\",\"message\":\"generateImage success\"}"}}
[debug] [2026-04-20T11:42:23.861Z] Finishing up request with event=pause {"metadata":{"emulator":{"name":"functions"},"function":{"name":"asia-northeast1-generateImage"},"extension":{},"message":"Finishing up request with event=pause"}}
[info] i  functions: Finished "asia-northeast1-generateImage" in 34274.752167ms {"metadata":{"emulator":{"name":"functions"},"function":{"name":"asia-northeast1-generateImage"},"extension":{},"message":"Finished \"asia-northeast1-generateImage\" in 34274.752167ms"}}
[debug] [2026-04-20T11:42:23.862Z] [worker-asia-northeast1-generateImage-5e5536f8-0887-48d0-8879-9eb5e29f0fd6]: IDLE {"metadata":{"emulator":{"name":"functions"},"function":{"name":"asia-northeast1-generateImage"},"extension":{},"message":"[worker-asia-northeast1-generateImage-5e5536f8-0887-48d0-8879-9eb5e29f0fd6]: IDLE"}}
[debug] [2026-04-20T11:42:23.862Z] Finishing up request with event=finish {"metadata":{"emulator":{"name":"functions"},"function":{"name":"asia-northeast1-generateImage"},"extension":{},"message":"Finishing up request with event=finish"}}
[debug] [2026-04-20T11:42:23.862Z] Finishing up request with event=close {"metadata":{"emulator":{"name":"functions"},"function":{"name":"asia-northeast1-generateImage"},"extension":{},"message":"Finishing up request with event=close"}}
[debug] [2026-04-20T11:42:23.862Z] [work-queue] {"queuedWork":[],"queueLength":0,"runningWork":[],"workRunningCount":0}
[debug] [2026-04-20T11:51:33.823Z] [work-queue] {"queuedWork":["/storyme-app-d02d2/asia-northeast1/analyzeAppearance-2026-04-20T11:51:33.822Z"],"queueLength":1,"runningWork":[],"workRunningCount":0}
[debug] [2026-04-20T11:51:33.826Z] [work-queue] {"queuedWork":[],"queueLength":0,"runningWork":["/storyme-app-d02d2/asia-northeast1/analyzeAppearance-2026-04-20T11:51:33.822Z"],"workRunningCount":1}
[debug] [2026-04-20T11:51:33.826Z] Accepted request POST /storyme-app-d02d2/asia-northeast1/analyzeAppearance --> asia-northeast1-analyzeAppearance
[debug] [2026-04-20T11:51:33.828Z] [functions] Runtime ready! Sending request! {"metadata":{"emulator":{"name":"functions"},"message":"[functions] Runtime ready! Sending request!"}}
[debug] [2026-04-20T11:51:33.830Z] [functions] Got req.url=/storyme-app-d02d2/asia-northeast1/analyzeAppearance, mapping to path=/ {"metadata":{"emulator":{"name":"functions"},"message":"[functions] Got req.url=/storyme-app-d02d2/asia-northeast1/analyzeAppearance, mapping to path=/"}}
[debug] [2026-04-20T11:51:33.830Z] [worker-pool] submitRequest(triggerId=asia-northeast1-analyzeAppearance) {"metadata":{"emulator":{"name":"functions"},"message":"[worker-pool] submitRequest(triggerId=asia-northeast1-analyzeAppearance)"}}
[info] i  functions: Beginning execution of "asia-northeast1-analyzeAppearance" {"metadata":{"emulator":{"name":"functions"},"function":{"name":"asia-northeast1-analyzeAppearance"},"extension":{},"message":"Beginning execution of \"asia-northeast1-analyzeAppearance\""}}
[debug] [2026-04-20T11:51:33.832Z] [worker-asia-northeast1-analyzeAppearance-c75f5c22-1bea-4000-a64c-f284d6f76612]: BUSY {"metadata":{"emulator":{"name":"functions"},"function":{"name":"asia-northeast1-analyzeAppearance"},"extension":{},"message":"[worker-asia-northeast1-analyzeAppearance-c75f5c22-1bea-4000-a64c-f284d6f76612]: BUSY"}}
[info] >  {"verifications":{"app":"MISSING","auth":"VALID"},"logging.googleapis.com/labels":{"firebase-log-type":"callable-request-verification"},"severity":"DEBUG","message":"Callable request verification passed"} {"user":{"verifications":{"app":"MISSING","auth":"VALID"},"logging.googleapis.com/labels":{"firebase-log-type":"callable-request-verification"},"severity":"DEBUG","message":"Callable request verification passed"},"metadata":{"emulator":{"name":"functions"},"function":{"name":"asia-northeast1-analyzeAppearance"},"extension":{},"message":"\u001b[90m> \u001b[39m {\"verifications\":{\"app\":\"MISSING\",\"auth\":\"VALID\"},\"logging.googleapis.com/labels\":{\"firebase-log-type\":\"callable-request-verification\"},\"severity\":\"DEBUG\",\"message\":\"Callable request verification passed\"}"}}
[info] >  {"promptLength":394,"imageCount":3,"prompt":"You are a children's book illustrator assistant. Analyze the child in these photos and return ONLY a concise appearance description in English (max 40 words). Cover: hair color and style, eye color/shape, skin tone, face shape. Example output: 'A young girl with curly auburn hair, bright green eyes, fair skin, and a round cheerful face.' Do not include names, clothing, or background details.","severity":"INFO","message":"analyzeAppearance called"} {"user":{"promptLength":394,"imageCount":3,"prompt":"You are a children's book illustrator assistant. Analyze the child in these photos and return ONLY a concise appearance description in English (max 40 words). Cover: hair color and style, eye color/shape, skin tone, face shape. Example output: 'A young girl with curly auburn hair, bright green eyes, fair skin, and a round cheerful face.' Do not include names, clothing, or background details.","severity":"INFO","message":"analyzeAppearance called"},"metadata":{"emulator":{"name":"functions"},"function":{"name":"asia-northeast1-analyzeAppearance"},"extension":{},"message":"\u001b[90m> \u001b[39m {\"promptLength\":394,\"imageCount\":3,\"prompt\":\"You are a children's book illustrator assistant. Analyze the child in these photos and return ONLY a concise appearance description in English (max 40 words). Cover: hair color and style, eye color/shape, skin tone, face shape. Example output: 'A young girl with curly auburn hair, bright green eyes, fair skin, and a round cheerful face.' Do not include names, clothing, or background details.\",\"severity\":\"INFO\",\"message\":\"analyzeAppearance called\"}"}}
[info] >  {"resultLength":114,"severity":"INFO","message":"analyzeAppearance success"} {"user":{"resultLength":114,"severity":"INFO","message":"analyzeAppearance success"},"metadata":{"emulator":{"name":"functions"},"function":{"name":"asia-northeast1-analyzeAppearance"},"extension":{},"message":"\u001b[90m> \u001b[39m {\"resultLength\":114,\"severity\":\"INFO\",\"message\":\"analyzeAppearance success\"}"}}
[debug] [2026-04-20T11:51:41.993Z] Finishing up request with event=pause {"metadata":{"emulator":{"name":"functions"},"function":{"name":"asia-northeast1-analyzeAppearance"},"extension":{},"message":"Finishing up request with event=pause"}}
[info] i  functions: Finished "asia-northeast1-analyzeAppearance" in 8161.58475ms {"metadata":{"emulator":{"name":"functions"},"function":{"name":"asia-northeast1-analyzeAppearance"},"extension":{},"message":"Finished \"asia-northeast1-analyzeAppearance\" in 8161.58475ms"}}
[debug] [2026-04-20T11:51:41.994Z] [worker-asia-northeast1-analyzeAppearance-c75f5c22-1bea-4000-a64c-f284d6f76612]: IDLE {"metadata":{"emulator":{"name":"functions"},"function":{"name":"asia-northeast1-analyzeAppearance"},"extension":{},"message":"[worker-asia-northeast1-analyzeAppearance-c75f5c22-1bea-4000-a64c-f284d6f76612]: IDLE"}}
[debug] [2026-04-20T11:51:41.995Z] Finishing up request with event=finish {"metadata":{"emulator":{"name":"functions"},"function":{"name":"asia-northeast1-analyzeAppearance"},"extension":{},"message":"Finishing up request with event=finish"}}
[debug] [2026-04-20T11:51:41.995Z] Finishing up request with event=close {"metadata":{"emulator":{"name":"functions"},"function":{"name":"asia-northeast1-analyzeAppearance"},"extension":{},"message":"Finishing up request with event=close"}}
[debug] [2026-04-20T11:51:41.995Z] [work-queue] {"queuedWork":[],"queueLength":0,"runningWork":[],"workRunningCount":0}
[debug] [2026-04-20T11:51:47.955Z] [work-queue] {"queuedWork":["/storyme-app-d02d2/asia-northeast1/generateStory-2026-04-20T11:51:47.955Z"],"queueLength":1,"runningWork":[],"workRunningCount":0}
[debug] [2026-04-20T11:51:47.956Z] [work-queue] {"queuedWork":[],"queueLength":0,"runningWork":["/storyme-app-d02d2/asia-northeast1/generateStory-2026-04-20T11:51:47.955Z"],"workRunningCount":1}
[debug] [2026-04-20T11:51:47.956Z] Accepted request POST /storyme-app-d02d2/asia-northeast1/generateStory --> asia-northeast1-generateStory
[debug] [2026-04-20T11:51:47.956Z] [functions] Runtime ready! Sending request! {"metadata":{"emulator":{"name":"functions"},"message":"[functions] Runtime ready! Sending request!"}}
[debug] [2026-04-20T11:51:47.957Z] [functions] Got req.url=/storyme-app-d02d2/asia-northeast1/generateStory, mapping to path=/ {"metadata":{"emulator":{"name":"functions"},"message":"[functions] Got req.url=/storyme-app-d02d2/asia-northeast1/generateStory, mapping to path=/"}}
[debug] [2026-04-20T11:51:47.957Z] [worker-pool] submitRequest(triggerId=asia-northeast1-generateStory) {"metadata":{"emulator":{"name":"functions"},"message":"[worker-pool] submitRequest(triggerId=asia-northeast1-generateStory)"}}
[info] i  functions: Beginning execution of "asia-northeast1-generateStory" {"metadata":{"emulator":{"name":"functions"},"function":{"name":"asia-northeast1-generateStory"},"extension":{},"message":"Beginning execution of \"asia-northeast1-generateStory\""}}
[debug] [2026-04-20T11:51:47.957Z] [worker-asia-northeast1-generateStory-404e9239-f976-4e6d-bb6d-e72594a5803f]: BUSY {"metadata":{"emulator":{"name":"functions"},"function":{"name":"asia-northeast1-generateStory"},"extension":{},"message":"[worker-asia-northeast1-generateStory-404e9239-f976-4e6d-bb6d-e72594a5803f]: BUSY"}}
[info] >  {"verifications":{"app":"MISSING","auth":"VALID"},"logging.googleapis.com/labels":{"firebase-log-type":"callable-request-verification"},"severity":"DEBUG","message":"Callable request verification passed"} {"user":{"verifications":{"app":"MISSING","auth":"VALID"},"logging.googleapis.com/labels":{"firebase-log-type":"callable-request-verification"},"severity":"DEBUG","message":"Callable request verification passed"},"metadata":{"emulator":{"name":"functions"},"function":{"name":"asia-northeast1-generateStory"},"extension":{},"message":"\u001b[90m> \u001b[39m {\"verifications\":{\"app\":\"MISSING\",\"auth\":\"VALID\"},\"logging.googleapis.com/labels\":{\"firebase-log-type\":\"callable-request-verification\"},\"severity\":\"DEBUG\",\"message\":\"Callable request verification passed\"}"}}
[info] >  {"childName":"Emma","theme":"Emma is playing in the warm spring sunshine, admiring a peach blossom in the garden. A small white butterfly is just about to land on a flower.","style":"Warm & Cozy","pageCount":1,"severity":"INFO","message":"generateStory called"} {"user":{"childName":"Emma","theme":"Emma is playing in the warm spring sunshine, admiring a peach blossom in the garden. A small white butterfly is just about to land on a flower.","style":"Warm & Cozy","pageCount":1,"severity":"INFO","message":"generateStory called"},"metadata":{"emulator":{"name":"functions"},"function":{"name":"asia-northeast1-generateStory"},"extension":{},"message":"\u001b[90m> \u001b[39m {\"childName\":\"Emma\",\"theme\":\"Emma is playing in the warm spring sunshine, admiring a peach blossom in the garden. A small white butterfly is just about to land on a flower.\",\"style\":\"Warm & Cozy\",\"pageCount\":1,\"severity\":\"INFO\",\"message\":\"generateStory called\"}"}}
[info] >  {"childName":"Emma","contentLength":641,"severity":"INFO","message":"generateStory success"} {"user":{"childName":"Emma","contentLength":641,"severity":"INFO","message":"generateStory success"},"metadata":{"emulator":{"name":"functions"},"function":{"name":"asia-northeast1-generateStory"},"extension":{},"message":"\u001b[90m> \u001b[39m {\"childName\":\"Emma\",\"contentLength\":641,\"severity\":\"INFO\",\"message\":\"generateStory success\"}"}}
[debug] [2026-04-20T11:52:15.106Z] Finishing up request with event=pause {"metadata":{"emulator":{"name":"functions"},"function":{"name":"asia-northeast1-generateStory"},"extension":{},"message":"Finishing up request with event=pause"}}
[info] i  functions: Finished "asia-northeast1-generateStory" in 27149.527042ms {"metadata":{"emulator":{"name":"functions"},"function":{"name":"asia-northeast1-generateStory"},"extension":{},"message":"Finished \"asia-northeast1-generateStory\" in 27149.527042ms"}}
[debug] [2026-04-20T11:52:15.107Z] [worker-asia-northeast1-generateStory-404e9239-f976-4e6d-bb6d-e72594a5803f]: IDLE {"metadata":{"emulator":{"name":"functions"},"function":{"name":"asia-northeast1-generateStory"},"extension":{},"message":"[worker-asia-northeast1-generateStory-404e9239-f976-4e6d-bb6d-e72594a5803f]: IDLE"}}
[debug] [2026-04-20T11:52:15.107Z] Finishing up request with event=finish {"metadata":{"emulator":{"name":"functions"},"function":{"name":"asia-northeast1-generateStory"},"extension":{},"message":"Finishing up request with event=finish"}}
[debug] [2026-04-20T11:52:15.107Z] Finishing up request with event=close {"metadata":{"emulator":{"name":"functions"},"function":{"name":"asia-northeast1-generateStory"},"extension":{},"message":"Finishing up request with event=close"}}
[debug] [2026-04-20T11:52:15.107Z] [work-queue] {"queuedWork":[],"queueLength":0,"runningWork":[],"workRunningCount":0}
[debug] [2026-04-20T11:52:15.115Z] [work-queue] {"queuedWork":["/storyme-app-d02d2/asia-northeast1/generateImage-2026-04-20T11:52:15.115Z"],"queueLength":1,"runningWork":[],"workRunningCount":0}
[debug] [2026-04-20T11:52:15.115Z] [work-queue] {"queuedWork":[],"queueLength":0,"runningWork":["/storyme-app-d02d2/asia-northeast1/generateImage-2026-04-20T11:52:15.115Z"],"workRunningCount":1}
[debug] [2026-04-20T11:52:15.115Z] Accepted request POST /storyme-app-d02d2/asia-northeast1/generateImage --> asia-northeast1-generateImage
[debug] [2026-04-20T11:52:15.116Z] [functions] Runtime ready! Sending request! {"metadata":{"emulator":{"name":"functions"},"message":"[functions] Runtime ready! Sending request!"}}
[debug] [2026-04-20T11:52:15.116Z] [functions] Got req.url=/storyme-app-d02d2/asia-northeast1/generateImage, mapping to path=/ {"metadata":{"emulator":{"name":"functions"},"message":"[functions] Got req.url=/storyme-app-d02d2/asia-northeast1/generateImage, mapping to path=/"}}
[debug] [2026-04-20T11:52:15.116Z] [worker-pool] submitRequest(triggerId=asia-northeast1-generateImage) {"metadata":{"emulator":{"name":"functions"},"message":"[worker-pool] submitRequest(triggerId=asia-northeast1-generateImage)"}}
[info] i  functions: Beginning execution of "asia-northeast1-generateImage" {"metadata":{"emulator":{"name":"functions"},"function":{"name":"asia-northeast1-generateImage"},"extension":{},"message":"Beginning execution of \"asia-northeast1-generateImage\""}}
[debug] [2026-04-20T11:52:15.116Z] [worker-asia-northeast1-generateImage-5e5536f8-0887-48d0-8879-9eb5e29f0fd6]: BUSY {"metadata":{"emulator":{"name":"functions"},"function":{"name":"asia-northeast1-generateImage"},"extension":{},"message":"[worker-asia-northeast1-generateImage-5e5536f8-0887-48d0-8879-9eb5e29f0fd6]: BUSY"}}
[info] >  {"verifications":{"app":"MISSING","auth":"VALID"},"logging.googleapis.com/labels":{"firebase-log-type":"callable-request-verification"},"severity":"DEBUG","message":"Callable request verification passed"} {"user":{"verifications":{"app":"MISSING","auth":"VALID"},"logging.googleapis.com/labels":{"firebase-log-type":"callable-request-verification"},"severity":"DEBUG","message":"Callable request verification passed"},"metadata":{"emulator":{"name":"functions"},"function":{"name":"asia-northeast1-generateImage"},"extension":{},"message":"\u001b[90m> \u001b[39m {\"verifications\":{\"app\":\"MISSING\",\"auth\":\"VALID\"},\"logging.googleapis.com/labels\":{\"firebase-log-type\":\"callable-request-verification\"},\"severity\":\"DEBUG\",\"message\":\"Callable request verification passed\"}"}}
[info] >  {"promptLength":1114,"prompt":"SUBJECT: A child named Emma. CRITICAL APPEARANCE — the child MUST strictly match ALL of the following in every detail: A young child with black hair styled in braids and black bows, dark almond eyes, fair rosy skin, and a round face.. MANDATORY: Maintain the exact same hairstyle, hair color, and outfit from this description throughout the entire illustration. Do not alter or simplify any physical feature. SCENE: Emma sits cross-legged on soft green grass, her black braids tied with black bows resting over her shoulders. Her round, rosy face and dark almond eyes gaze gently at a pink peach blossom where a tiny white butterfly has just landed; warm sunlight filters through the petals, casting soft golden spots on her and the grass.. Needle felted storybook style, thick felted wool texture on the surface, minimalist and poetic flat art style, mysterious and serene, tiny intricate wool fibers covering the entire scene, fuzzy pilling effect, felt craft aesthetic, composed of fine wool fuzz. ART DIRECTION: Children's book illustration, Warm & Cozy style, warm colorful lighting, soft friendly atmosphere.","severity":"INFO","message":"generateImage called"} {"user":{"promptLength":1114,"prompt":"SUBJECT: A child named Emma. CRITICAL APPEARANCE — the child MUST strictly match ALL of the following in every detail: A young child with black hair styled in braids and black bows, dark almond eyes, fair rosy skin, and a round face.. MANDATORY: Maintain the exact same hairstyle, hair color, and outfit from this description throughout the entire illustration. Do not alter or simplify any physical feature. SCENE: Emma sits cross-legged on soft green grass, her black braids tied with black bows resting over her shoulders. Her round, rosy face and dark almond eyes gaze gently at a pink peach blossom where a tiny white butterfly has just landed; warm sunlight filters through the petals, casting soft golden spots on her and the grass.. Needle felted storybook style, thick felted wool texture on the surface, minimalist and poetic flat art style, mysterious and serene, tiny intricate wool fibers covering the entire scene, fuzzy pilling effect, felt craft aesthetic, composed of fine wool fuzz. ART DIRECTION: Children's book illustration, Warm & Cozy style, warm colorful lighting, soft friendly atmosphere.","severity":"INFO","message":"generateImage called"},"metadata":{"emulator":{"name":"functions"},"function":{"name":"asia-northeast1-generateImage"},"extension":{},"message":"\u001b[90m> \u001b[39m {\"promptLength\":1114,\"prompt\":\"SUBJECT: A child named Emma. CRITICAL APPEARANCE — the child MUST strictly match ALL of the following in every detail: A young child with black hair styled in braids and black bows, dark almond eyes, fair rosy skin, and a round face.. MANDATORY: Maintain the exact same hairstyle, hair color, and outfit from this description throughout the entire illustration. Do not alter or simplify any physical feature. SCENE: Emma sits cross-legged on soft green grass, her black braids tied with black bows resting over her shoulders. Her round, rosy face and dark almond eyes gaze gently at a pink peach blossom where a tiny white butterfly has just landed; warm sunlight filters through the petals, casting soft golden spots on her and the grass.. Needle felted storybook style, thick felted wool texture on the surface, minimalist and poetic flat art style, mysterious and serene, tiny intricate wool fibers covering the entire scene, fuzzy pilling effect, felt craft aesthetic, composed of fine wool fuzz. ART DIRECTION: Children's book illustration, Warm & Cozy style, warm colorful lighting, soft friendly atmosphere.\",\"severity\":\"INFO\",\"message\":\"generateImage called\"}"}}
[info] >  {"b64Length":352960,"severity":"INFO","message":"generateImage success"} {"user":{"b64Length":352960,"severity":"INFO","message":"generateImage success"},"metadata":{"emulator":{"name":"functions"},"function":{"name":"asia-northeast1-generateImage"},"extension":{},"message":"\u001b[90m> \u001b[39m {\"b64Length\":352960,\"severity\":\"INFO\",\"message\":\"generateImage success\"}"}}
[debug] [2026-04-20T11:52:55.071Z] Finishing up request with event=pause {"metadata":{"emulator":{"name":"functions"},"function":{"name":"asia-northeast1-generateImage"},"extension":{},"message":"Finishing up request with event=pause"}}
[info] i  functions: Finished "asia-northeast1-generateImage" in 39952.970333ms {"metadata":{"emulator":{"name":"functions"},"function":{"name":"asia-northeast1-generateImage"},"extension":{},"message":"Finished \"asia-northeast1-generateImage\" in 39952.970333ms"}}
[debug] [2026-04-20T11:52:55.071Z] [worker-asia-northeast1-generateImage-5e5536f8-0887-48d0-8879-9eb5e29f0fd6]: IDLE {"metadata":{"emulator":{"name":"functions"},"function":{"name":"asia-northeast1-generateImage"},"extension":{},"message":"[worker-asia-northeast1-generateImage-5e5536f8-0887-48d0-8879-9eb5e29f0fd6]: IDLE"}}
[debug] [2026-04-20T11:52:55.072Z] Finishing up request with event=finish {"metadata":{"emulator":{"name":"functions"},"function":{"name":"asia-northeast1-generateImage"},"extension":{},"message":"Finishing up request with event=finish"}}
[debug] [2026-04-20T11:52:55.072Z] Finishing up request with event=close {"metadata":{"emulator":{"name":"functions"},"function":{"name":"asia-northeast1-generateImage"},"extension":{},"message":"Finishing up request with event=close"}}
[debug] [2026-04-20T11:52:55.072Z] [work-queue] {"queuedWork":[],"queueLength":0,"runningWork":[],"workRunningCount":0}
[debug] [2026-04-20T12:10:31.917Z] File /Users/yxk/Downloads/yxkapp/test1/functions/src/index.ts changed, reloading triggers {"metadata":{"emulator":{"name":"functions"},"message":"File /Users/yxk/Downloads/yxkapp/test1/functions/src/index.ts changed, reloading triggers"}}
[debug] [2026-04-20T12:10:32.919Z] Validating nodejs source
[warn] ⚠  functions: package.json indicates an outdated version of firebase-functions. Please upgrade using npm install --save firebase-functions@latest in your functions directory. 
[warn] ⚠  functions: Please note that there will be breaking changes when you upgrade. 
[debug] [2026-04-20T12:10:33.371Z] > [functions] package.json contents: {
  "name": "storyme-functions",
  "scripts": {
    "build": "tsc",
    "build:watch": "tsc --watch",
    "serve": "npm run build && firebase emulators:start --only functions",
    "shell": "npm run build && firebase functions:shell",
    "start": "npm run shell",
    "deploy": "firebase deploy --only functions",
    "logs": "firebase functions:log"
  },
  "engines": {
    "node": "20"
  },
  "main": "lib/index.js",
  "dependencies": {
    "firebase-admin": "^12.0.0",
    "firebase-functions": "^5.0.0"
  },
  "devDependencies": {
    "firebase-functions-test": "^3.3.0",
    "firebase-tools": "^15.14.0",
    "typescript": "^5.4.0"
  },
  "private": true
}
[debug] [2026-04-20T12:10:33.371Z] Building nodejs source
[debug] [2026-04-20T12:10:33.371Z] Failed to find version of module node: reached end of search path /Users/yxk/Downloads/yxkapp/test1/functions/node_modules
[warn] ⚠  functions: Your requested "node" version "20" doesn't match your global version "22". Using node@22 from host. 
[info] i  functions: Loaded environment variables from .env. 
[debug] [2026-04-20T12:10:33.372Z] Could not find functions.yaml. Must use http discovery
[debug] [2026-04-20T12:10:33.373Z] Found firebase-functions binary at '/Users/yxk/Downloads/yxkapp/test1/functions/node_modules/.bin/firebase-functions'
[info] Serving at port 8219

[debug] [2026-04-20T12:10:33.545Z] Got response from /__/functions.yaml {"endpoints":{"generateStory":{"availableMemoryMb":null,"timeoutSeconds":null,"minInstances":null,"maxInstances":null,"ingressSettings":null,"concurrency":null,"serviceAccountEmail":null,"vpc":null,"platform":"gcfv2","region":["asia-northeast1"],"labels":{},"callableTrigger":{},"entryPoint":"generateStory"},"analyzeAppearance":{"availableMemoryMb":null,"timeoutSeconds":null,"minInstances":null,"maxInstances":null,"ingressSettings":null,"concurrency":null,"serviceAccountEmail":null,"vpc":null,"platform":"gcfv2","region":["asia-northeast1"],"labels":{},"callableTrigger":{},"entryPoint":"analyzeAppearance"},"generateImage":{"availableMemoryMb":null,"timeoutSeconds":120,"minInstances":null,"maxInstances":null,"ingressSettings":null,"concurrency":null,"serviceAccountEmail":null,"vpc":null,"platform":"gcfv2","region":["asia-northeast1"],"labels":{},"callableTrigger":{},"entryPoint":"generateImage"}},"specVersion":"v1alpha1","requiredAPIs":[],"extensions":{}}
[debug] [2026-04-20T12:10:37.557Z] defaultcredentials: writing to file /Users/yxk/.config/firebase/yuxinke720_gmail_com_application_default_credentials.json
[debug] [2026-04-20T12:10:37.558Z] Setting GAC to /Users/yxk/.config/firebase/yuxinke720_gmail_com_application_default_credentials.json {"metadata":{"emulator":{"name":"functions"},"message":"Setting GAC to /Users/yxk/.config/firebase/yuxinke720_gmail_com_application_default_credentials.json"}}
[info] ✔  functions: Loaded functions definitions from source: generateStory, analyzeAppearance, generateImage. {"metadata":{"emulator":{"name":"functions"},"message":"Loaded functions definitions from source: generateStory, analyzeAppearance, generateImage."}}
[debug] [2026-04-20T12:10:37.559Z] [worker-pool] Shutting down IDLE worker (asia-northeast1-analyzeAppearance) {"metadata":{"emulator":{"name":"functions"},"message":"[worker-pool] Shutting down IDLE worker (asia-northeast1-analyzeAppearance)"}}
[debug] [2026-04-20T12:10:37.559Z] [worker-asia-northeast1-analyzeAppearance-c75f5c22-1bea-4000-a64c-f284d6f76612]: FINISHING {"metadata":{"emulator":{"name":"functions"},"function":{"name":"asia-northeast1-analyzeAppearance"},"extension":{},"message":"[worker-asia-northeast1-analyzeAppearance-c75f5c22-1bea-4000-a64c-f284d6f76612]: FINISHING"}}
[debug] [2026-04-20T12:10:37.559Z] [worker-pool] Shutting down IDLE worker (asia-northeast1-generateStory) {"metadata":{"emulator":{"name":"functions"},"message":"[worker-pool] Shutting down IDLE worker (asia-northeast1-generateStory)"}}
[debug] [2026-04-20T12:10:37.559Z] [worker-asia-northeast1-generateStory-404e9239-f976-4e6d-bb6d-e72594a5803f]: FINISHING {"metadata":{"emulator":{"name":"functions"},"function":{"name":"asia-northeast1-generateStory"},"extension":{},"message":"[worker-asia-northeast1-generateStory-404e9239-f976-4e6d-bb6d-e72594a5803f]: FINISHING"}}
[debug] [2026-04-20T12:10:37.559Z] [worker-pool] Shutting down IDLE worker (asia-northeast1-generateImage) {"metadata":{"emulator":{"name":"functions"},"message":"[worker-pool] Shutting down IDLE worker (asia-northeast1-generateImage)"}}
[debug] [2026-04-20T12:10:37.559Z] [worker-asia-northeast1-generateImage-5e5536f8-0887-48d0-8879-9eb5e29f0fd6]: FINISHING {"metadata":{"emulator":{"name":"functions"},"function":{"name":"asia-northeast1-generateImage"},"extension":{},"message":"[worker-asia-northeast1-generateImage-5e5536f8-0887-48d0-8879-9eb5e29f0fd6]: FINISHING"}}
[debug] [2026-04-20T12:10:37.566Z] [worker-asia-northeast1-generateStory-404e9239-f976-4e6d-bb6d-e72594a5803f]: exited {"metadata":{"emulator":{"name":"functions"},"function":{"name":"asia-northeast1-generateStory"},"extension":{},"message":"[worker-asia-northeast1-generateStory-404e9239-f976-4e6d-bb6d-e72594a5803f]: exited"}}
[debug] [2026-04-20T12:10:37.566Z] [worker-asia-northeast1-generateStory-404e9239-f976-4e6d-bb6d-e72594a5803f]: FINISHED {"metadata":{"emulator":{"name":"functions"},"function":{"name":"asia-northeast1-generateStory"},"extension":{},"message":"[worker-asia-northeast1-generateStory-404e9239-f976-4e6d-bb6d-e72594a5803f]: FINISHED"}}
[debug] [2026-04-20T12:10:37.567Z] [worker-asia-northeast1-analyzeAppearance-c75f5c22-1bea-4000-a64c-f284d6f76612]: exited {"metadata":{"emulator":{"name":"functions"},"function":{"name":"asia-northeast1-analyzeAppearance"},"extension":{},"message":"[worker-asia-northeast1-analyzeAppearance-c75f5c22-1bea-4000-a64c-f284d6f76612]: exited"}}
[debug] [2026-04-20T12:10:37.567Z] [worker-asia-northeast1-analyzeAppearance-c75f5c22-1bea-4000-a64c-f284d6f76612]: FINISHED {"metadata":{"emulator":{"name":"functions"},"function":{"name":"asia-northeast1-analyzeAppearance"},"extension":{},"message":"[worker-asia-northeast1-analyzeAppearance-c75f5c22-1bea-4000-a64c-f284d6f76612]: FINISHED"}}
[debug] [2026-04-20T12:10:37.568Z] [worker-asia-northeast1-generateImage-5e5536f8-0887-48d0-8879-9eb5e29f0fd6]: exited {"metadata":{"emulator":{"name":"functions"},"function":{"name":"asia-northeast1-generateImage"},"extension":{},"message":"[worker-asia-northeast1-generateImage-5e5536f8-0887-48d0-8879-9eb5e29f0fd6]: exited"}}
[debug] [2026-04-20T12:10:37.568Z] [worker-asia-northeast1-generateImage-5e5536f8-0887-48d0-8879-9eb5e29f0fd6]: FINISHED {"metadata":{"emulator":{"name":"functions"},"function":{"name":"asia-northeast1-generateImage"},"extension":{},"message":"[worker-asia-northeast1-generateImage-5e5536f8-0887-48d0-8879-9eb5e29f0fd6]: FINISHED"}}
[debug] [2026-04-20T12:12:51.163Z] [work-queue] {"queuedWork":["/storyme-app-d02d2/asia-northeast1/analyzeAppearance-2026-04-20T12:12:51.162Z"],"queueLength":1,"runningWork":[],"workRunningCount":0}
[debug] [2026-04-20T12:12:51.166Z] [work-queue] {"queuedWork":[],"queueLength":0,"runningWork":["/storyme-app-d02d2/asia-northeast1/analyzeAppearance-2026-04-20T12:12:51.162Z"],"workRunningCount":1}
[debug] [2026-04-20T12:12:51.167Z] Accepted request POST /storyme-app-d02d2/asia-northeast1/analyzeAppearance --> asia-northeast1-analyzeAppearance
[debug] [2026-04-20T12:12:51.171Z] [functions] Runtime ready! Sending request! {"metadata":{"emulator":{"name":"functions"},"message":"[functions] Runtime ready! Sending request!"}}
[debug] [2026-04-20T12:12:51.174Z] [functions] Got req.url=/storyme-app-d02d2/asia-northeast1/analyzeAppearance, mapping to path=/ {"metadata":{"emulator":{"name":"functions"},"message":"[functions] Got req.url=/storyme-app-d02d2/asia-northeast1/analyzeAppearance, mapping to path=/"}}
[debug] [2026-04-20T12:12:51.178Z] [worker-pool] Cleaned up workers for asia-northeast1-analyzeAppearance: 1 --> 0 {"metadata":{"emulator":{"name":"functions"},"message":"[worker-pool] Cleaned up workers for asia-northeast1-analyzeAppearance: 1 --> 0"}}
[debug] [2026-04-20T12:12:51.178Z] [worker-pool] Cleaned up workers for asia-northeast1-generateStory: 1 --> 0 {"metadata":{"emulator":{"name":"functions"},"message":"[worker-pool] Cleaned up workers for asia-northeast1-generateStory: 1 --> 0"}}
[debug] [2026-04-20T12:12:51.178Z] [worker-pool] Cleaned up workers for asia-northeast1-generateImage: 1 --> 0 {"metadata":{"emulator":{"name":"functions"},"message":"[worker-pool] Cleaned up workers for asia-northeast1-generateImage: 1 --> 0"}}
[info] i  functions: Loaded environment variables from .env. 
[debug] [2026-04-20T12:12:51.189Z] [worker-pool] addWorker(asia-northeast1-analyzeAppearance) {"metadata":{"emulator":{"name":"functions"},"message":"[worker-pool] addWorker(asia-northeast1-analyzeAppearance)"}}
[debug] [2026-04-20T12:12:51.189Z] [worker-pool] Adding worker with key asia-northeast1-analyzeAppearance, total=1 {"metadata":{"emulator":{"name":"functions"},"message":"[worker-pool] Adding worker with key asia-northeast1-analyzeAppearance, total=1"}}
[debug] [2026-04-20T12:12:51.781Z] [runtime-status] [20761] Resolved module firebase-admin {"declared":true,"installed":true,"version":"12.7.0","resolution":"/Users/yxk/Downloads/yxkapp/test1/functions/node_modules/firebase-admin/lib/index.js"} {"metadata":{"emulator":{"name":"functions"},"function":{"name":"asia-northeast1-analyzeAppearance"},"extension":{},"message":"[runtime-status] [20761] Resolved module firebase-admin {\"declared\":true,\"installed\":true,\"version\":\"12.7.0\",\"resolution\":\"/Users/yxk/Downloads/yxkapp/test1/functions/node_modules/firebase-admin/lib/index.js\"}"}}
[debug] [2026-04-20T12:12:51.782Z] [runtime-status] [20761] Resolved module firebase-functions {"declared":true,"installed":true,"version":"5.1.1","resolution":"/Users/yxk/Downloads/yxkapp/test1/functions/node_modules/firebase-functions/lib/v1/index.js"} {"metadata":{"emulator":{"name":"functions"},"function":{"name":"asia-northeast1-analyzeAppearance"},"extension":{},"message":"[runtime-status] [20761] Resolved module firebase-functions {\"declared\":true,\"installed\":true,\"version\":\"5.1.1\",\"resolution\":\"/Users/yxk/Downloads/yxkapp/test1/functions/node_modules/firebase-functions/lib/v1/index.js\"}"}}
[debug] [2026-04-20T12:12:51.782Z] [runtime-status] [20761] Outgoing network have been stubbed. [{"name":"http","status":"mocked"},{"name":"http","status":"mocked"},{"name":"https","status":"mocked"},{"name":"https","status":"mocked"},{"name":"net","status":"mocked"}] {"metadata":{"emulator":{"name":"functions"},"function":{"name":"asia-northeast1-analyzeAppearance"},"extension":{},"message":"[runtime-status] [20761] Outgoing network have been stubbed. [{\"name\":\"http\",\"status\":\"mocked\"},{\"name\":\"http\",\"status\":\"mocked\"},{\"name\":\"https\",\"status\":\"mocked\"},{\"name\":\"https\",\"status\":\"mocked\"},{\"name\":\"net\",\"status\":\"mocked\"}]"}}
[debug] [2026-04-20T12:12:51.783Z] [runtime-status] [20761] Resolved module firebase-functions {"declared":true,"installed":true,"version":"5.1.1","resolution":"/Users/yxk/Downloads/yxkapp/test1/functions/node_modules/firebase-functions/lib/v1/index.js"} {"metadata":{"emulator":{"name":"functions"},"function":{"name":"asia-northeast1-analyzeAppearance"},"extension":{},"message":"[runtime-status] [20761] Resolved module firebase-functions {\"declared\":true,\"installed\":true,\"version\":\"5.1.1\",\"resolution\":\"/Users/yxk/Downloads/yxkapp/test1/functions/node_modules/firebase-functions/lib/v1/index.js\"}"}}
[debug] [2026-04-20T12:12:51.833Z] [runtime-status] [20761] Resolved module firebase-admin {"declared":true,"installed":true,"version":"12.7.0","resolution":"/Users/yxk/Downloads/yxkapp/test1/functions/node_modules/firebase-admin/lib/index.js"} {"metadata":{"emulator":{"name":"functions"},"function":{"name":"asia-northeast1-analyzeAppearance"},"extension":{},"message":"[runtime-status] [20761] Resolved module firebase-admin {\"declared\":true,\"installed\":true,\"version\":\"12.7.0\",\"resolution\":\"/Users/yxk/Downloads/yxkapp/test1/functions/node_modules/firebase-admin/lib/index.js\"}"}}
[debug] [2026-04-20T12:12:51.834Z] [runtime-status] [20761] Resolved module firebase-functions {"declared":true,"installed":true,"version":"5.1.1","resolution":"/Users/yxk/Downloads/yxkapp/test1/functions/node_modules/firebase-functions/lib/v1/index.js"} {"metadata":{"emulator":{"name":"functions"},"function":{"name":"asia-northeast1-analyzeAppearance"},"extension":{},"message":"[runtime-status] [20761] Resolved module firebase-functions {\"declared\":true,\"installed\":true,\"version\":\"5.1.1\",\"resolution\":\"/Users/yxk/Downloads/yxkapp/test1/functions/node_modules/firebase-functions/lib/v1/index.js\"}"}}
[debug] [2026-04-20T12:12:51.900Z] [runtime-status] [20761] firebase-admin has been stubbed. {"adminResolution":{"declared":true,"installed":true,"version":"12.7.0","resolution":"/Users/yxk/Downloads/yxkapp/test1/functions/node_modules/firebase-admin/lib/index.js"}} {"metadata":{"emulator":{"name":"functions"},"function":{"name":"asia-northeast1-analyzeAppearance"},"extension":{},"message":"[runtime-status] [20761] firebase-admin has been stubbed. {\"adminResolution\":{\"declared\":true,\"installed\":true,\"version\":\"12.7.0\",\"resolution\":\"/Users/yxk/Downloads/yxkapp/test1/functions/node_modules/firebase-admin/lib/index.js\"}}"}}
[debug] [2026-04-20T12:12:51.903Z] [runtime-status] [20761] Functions runtime initialized. {"cwd":"/Users/yxk/Downloads/yxkapp/test1/functions","node_version":"22.14.0"} {"metadata":{"emulator":{"name":"functions"},"function":{"name":"asia-northeast1-analyzeAppearance"},"extension":{},"message":"[runtime-status] [20761] Functions runtime initialized. {\"cwd\":\"/Users/yxk/Downloads/yxkapp/test1/functions\",\"node_version\":\"22.14.0\"}"}}
[debug] [2026-04-20T12:12:51.904Z] [runtime-status] [20761] Listening to port: /var/folders/sz/qxcgz26534x79qtn2k14_3180000gn/T/fire_emu_64193ee397cbe32e.sock {"metadata":{"emulator":{"name":"functions"},"function":{"name":"asia-northeast1-analyzeAppearance"},"extension":{},"message":"[runtime-status] [20761] Listening to port: /var/folders/sz/qxcgz26534x79qtn2k14_3180000gn/T/fire_emu_64193ee397cbe32e.sock"}}
[debug] [2026-04-20T12:12:52.004Z] [worker-asia-northeast1-analyzeAppearance-dd39018c-cca0-433b-850b-b56c649b177b]: IDLE {"metadata":{"emulator":{"name":"functions"},"function":{"name":"asia-northeast1-analyzeAppearance"},"extension":{},"message":"[worker-asia-northeast1-analyzeAppearance-dd39018c-cca0-433b-850b-b56c649b177b]: IDLE"}}
[debug] [2026-04-20T12:12:52.004Z] [worker-pool] submitRequest(triggerId=asia-northeast1-analyzeAppearance) {"metadata":{"emulator":{"name":"functions"},"message":"[worker-pool] submitRequest(triggerId=asia-northeast1-analyzeAppearance)"}}
[info] i  functions: Beginning execution of "asia-northeast1-analyzeAppearance" {"metadata":{"emulator":{"name":"functions"},"function":{"name":"asia-northeast1-analyzeAppearance"},"extension":{},"message":"Beginning execution of \"asia-northeast1-analyzeAppearance\""}}
[debug] [2026-04-20T12:12:52.004Z] [worker-asia-northeast1-analyzeAppearance-dd39018c-cca0-433b-850b-b56c649b177b]: BUSY {"metadata":{"emulator":{"name":"functions"},"function":{"name":"asia-northeast1-analyzeAppearance"},"extension":{},"message":"[worker-asia-northeast1-analyzeAppearance-dd39018c-cca0-433b-850b-b56c649b177b]: BUSY"}}
[info] >  {"verifications":{"app":"MISSING","auth":"VALID"},"logging.googleapis.com/labels":{"firebase-log-type":"callable-request-verification"},"severity":"DEBUG","message":"Callable request verification passed"} {"user":{"verifications":{"app":"MISSING","auth":"VALID"},"logging.googleapis.com/labels":{"firebase-log-type":"callable-request-verification"},"severity":"DEBUG","message":"Callable request verification passed"},"metadata":{"emulator":{"name":"functions"},"function":{"name":"asia-northeast1-analyzeAppearance"},"extension":{},"message":"\u001b[90m> \u001b[39m {\"verifications\":{\"app\":\"MISSING\",\"auth\":\"VALID\"},\"logging.googleapis.com/labels\":{\"firebase-log-type\":\"callable-request-verification\"},\"severity\":\"DEBUG\",\"message\":\"Callable request verification passed\"}"}}
[info] >  {"promptLength":682,"imageCount":1,"prompt":"You are a children's book character designer. Carefully examine the child in these photos and return ONLY a detailed appearance description in English (max 80 words). You MUST include ALL of the following: (1) Hair: exact color, length, and style (e.g. black shoulder-length braids with pink bows), (2) Eyes: color and shape, (3) Skin tone, (4) Face shape, (5) Top/jacket: exact color, style, and any distinctive details (e.g. pink zip-up hoodie with white drawstrings), (6) Bottom: exact color and style (e.g. light blue denim shorts), (7) Any accessories (e.g. white sneakers, red hair clips). Output a single fluent sentence. Do not include names, background, or any explanation.","severity":"INFO","message":"analyzeAppearance called"} {"user":{"promptLength":682,"imageCount":1,"prompt":"You are a children's book character designer. Carefully examine the child in these photos and return ONLY a detailed appearance description in English (max 80 words). You MUST include ALL of the following: (1) Hair: exact color, length, and style (e.g. black shoulder-length braids with pink bows), (2) Eyes: color and shape, (3) Skin tone, (4) Face shape, (5) Top/jacket: exact color, style, and any distinctive details (e.g. pink zip-up hoodie with white drawstrings), (6) Bottom: exact color and style (e.g. light blue denim shorts), (7) Any accessories (e.g. white sneakers, red hair clips). Output a single fluent sentence. Do not include names, background, or any explanation.","severity":"INFO","message":"analyzeAppearance called"},"metadata":{"emulator":{"name":"functions"},"function":{"name":"asia-northeast1-analyzeAppearance"},"extension":{},"message":"\u001b[90m> \u001b[39m {\"promptLength\":682,\"imageCount\":1,\"prompt\":\"You are a children's book character designer. Carefully examine the child in these photos and return ONLY a detailed appearance description in English (max 80 words). You MUST include ALL of the following: (1) Hair: exact color, length, and style (e.g. black shoulder-length braids with pink bows), (2) Eyes: color and shape, (3) Skin tone, (4) Face shape, (5) Top/jacket: exact color, style, and any distinctive details (e.g. pink zip-up hoodie with white drawstrings), (6) Bottom: exact color and style (e.g. light blue denim shorts), (7) Any accessories (e.g. white sneakers, red hair clips). Output a single fluent sentence. Do not include names, background, or any explanation.\",\"severity\":\"INFO\",\"message\":\"analyzeAppearance called\"}"}}
[info] >  {"resultLength":238,"severity":"INFO","message":"analyzeAppearance success"} {"user":{"resultLength":238,"severity":"INFO","message":"analyzeAppearance success"},"metadata":{"emulator":{"name":"functions"},"function":{"name":"asia-northeast1-analyzeAppearance"},"extension":{},"message":"\u001b[90m> \u001b[39m {\"resultLength\":238,\"severity\":\"INFO\",\"message\":\"analyzeAppearance success\"}"}}
[debug] [2026-04-20T12:13:23.812Z] Finishing up request with event=pause {"metadata":{"emulator":{"name":"functions"},"function":{"name":"asia-northeast1-analyzeAppearance"},"extension":{},"message":"Finishing up request with event=pause"}}
[info] i  functions: Finished "asia-northeast1-analyzeAppearance" in 31808.157208ms {"metadata":{"emulator":{"name":"functions"},"function":{"name":"asia-northeast1-analyzeAppearance"},"extension":{},"message":"Finished \"asia-northeast1-analyzeAppearance\" in 31808.157208ms"}}
[debug] [2026-04-20T12:13:23.813Z] [worker-asia-northeast1-analyzeAppearance-dd39018c-cca0-433b-850b-b56c649b177b]: IDLE {"metadata":{"emulator":{"name":"functions"},"function":{"name":"asia-northeast1-analyzeAppearance"},"extension":{},"message":"[worker-asia-northeast1-analyzeAppearance-dd39018c-cca0-433b-850b-b56c649b177b]: IDLE"}}
[debug] [2026-04-20T12:13:23.813Z] Finishing up request with event=finish {"metadata":{"emulator":{"name":"functions"},"function":{"name":"asia-northeast1-analyzeAppearance"},"extension":{},"message":"Finishing up request with event=finish"}}
[debug] [2026-04-20T12:13:23.813Z] Finishing up request with event=close {"metadata":{"emulator":{"name":"functions"},"function":{"name":"asia-northeast1-analyzeAppearance"},"extension":{},"message":"Finishing up request with event=close"}}
[debug] [2026-04-20T12:13:23.815Z] [work-queue] {"queuedWork":[],"queueLength":0,"runningWork":[],"workRunningCount":0}
[debug] [2026-04-20T12:14:14.814Z] [work-queue] {"queuedWork":["/storyme-app-d02d2/asia-northeast1/generateStory-2026-04-20T12:14:14.813Z"],"queueLength":1,"runningWork":[],"workRunningCount":0}
[debug] [2026-04-20T12:14:14.814Z] [work-queue] {"queuedWork":[],"queueLength":0,"runningWork":["/storyme-app-d02d2/asia-northeast1/generateStory-2026-04-20T12:14:14.813Z"],"workRunningCount":1}
[debug] [2026-04-20T12:14:14.814Z] Accepted request POST /storyme-app-d02d2/asia-northeast1/generateStory --> asia-northeast1-generateStory
[debug] [2026-04-20T12:14:14.815Z] [functions] Runtime ready! Sending request! {"metadata":{"emulator":{"name":"functions"},"message":"[functions] Runtime ready! Sending request!"}}
[debug] [2026-04-20T12:14:14.815Z] [functions] Got req.url=/storyme-app-d02d2/asia-northeast1/generateStory, mapping to path=/ {"metadata":{"emulator":{"name":"functions"},"message":"[functions] Got req.url=/storyme-app-d02d2/asia-northeast1/generateStory, mapping to path=/"}}
[info] i  functions: Loaded environment variables from .env. 
[debug] [2026-04-20T12:14:14.817Z] [worker-pool] addWorker(asia-northeast1-generateStory) {"metadata":{"emulator":{"name":"functions"},"message":"[worker-pool] addWorker(asia-northeast1-generateStory)"}}
[debug] [2026-04-20T12:14:14.818Z] [worker-pool] Adding worker with key asia-northeast1-generateStory, total=1 {"metadata":{"emulator":{"name":"functions"},"message":"[worker-pool] Adding worker with key asia-northeast1-generateStory, total=1"}}
[debug] [2026-04-20T12:14:15.264Z] [runtime-status] [20807] Resolved module firebase-admin {"declared":true,"installed":true,"version":"12.7.0","resolution":"/Users/yxk/Downloads/yxkapp/test1/functions/node_modules/firebase-admin/lib/index.js"} {"metadata":{"emulator":{"name":"functions"},"function":{"name":"asia-northeast1-generateStory"},"extension":{},"message":"[runtime-status] [20807] Resolved module firebase-admin {\"declared\":true,\"installed\":true,\"version\":\"12.7.0\",\"resolution\":\"/Users/yxk/Downloads/yxkapp/test1/functions/node_modules/firebase-admin/lib/index.js\"}"}}
[debug] [2026-04-20T12:14:15.265Z] [runtime-status] [20807] Resolved module firebase-functions {"declared":true,"installed":true,"version":"5.1.1","resolution":"/Users/yxk/Downloads/yxkapp/test1/functions/node_modules/firebase-functions/lib/v1/index.js"} {"metadata":{"emulator":{"name":"functions"},"function":{"name":"asia-northeast1-generateStory"},"extension":{},"message":"[runtime-status] [20807] Resolved module firebase-functions {\"declared\":true,\"installed\":true,\"version\":\"5.1.1\",\"resolution\":\"/Users/yxk/Downloads/yxkapp/test1/functions/node_modules/firebase-functions/lib/v1/index.js\"}"}}
[debug] [2026-04-20T12:14:15.265Z] [runtime-status] [20807] Outgoing network have been stubbed. [{"name":"http","status":"mocked"},{"name":"http","status":"mocked"},{"name":"https","status":"mocked"},{"name":"https","status":"mocked"},{"name":"net","status":"mocked"}] {"metadata":{"emulator":{"name":"functions"},"function":{"name":"asia-northeast1-generateStory"},"extension":{},"message":"[runtime-status] [20807] Outgoing network have been stubbed. [{\"name\":\"http\",\"status\":\"mocked\"},{\"name\":\"http\",\"status\":\"mocked\"},{\"name\":\"https\",\"status\":\"mocked\"},{\"name\":\"https\",\"status\":\"mocked\"},{\"name\":\"net\",\"status\":\"mocked\"}]"}}
[debug] [2026-04-20T12:14:15.265Z] [runtime-status] [20807] Resolved module firebase-functions {"declared":true,"installed":true,"version":"5.1.1","resolution":"/Users/yxk/Downloads/yxkapp/test1/functions/node_modules/firebase-functions/lib/v1/index.js"} {"metadata":{"emulator":{"name":"functions"},"function":{"name":"asia-northeast1-generateStory"},"extension":{},"message":"[runtime-status] [20807] Resolved module firebase-functions {\"declared\":true,\"installed\":true,\"version\":\"5.1.1\",\"resolution\":\"/Users/yxk/Downloads/yxkapp/test1/functions/node_modules/firebase-functions/lib/v1/index.js\"}"}}
[debug] [2026-04-20T12:14:15.305Z] [runtime-status] [20807] Resolved module firebase-admin {"declared":true,"installed":true,"version":"12.7.0","resolution":"/Users/yxk/Downloads/yxkapp/test1/functions/node_modules/firebase-admin/lib/index.js"} {"metadata":{"emulator":{"name":"functions"},"function":{"name":"asia-northeast1-generateStory"},"extension":{},"message":"[runtime-status] [20807] Resolved module firebase-admin {\"declared\":true,\"installed\":true,\"version\":\"12.7.0\",\"resolution\":\"/Users/yxk/Downloads/yxkapp/test1/functions/node_modules/firebase-admin/lib/index.js\"}"}}
[debug] [2026-04-20T12:14:15.306Z] [runtime-status] [20807] Resolved module firebase-functions {"declared":true,"installed":true,"version":"5.1.1","resolution":"/Users/yxk/Downloads/yxkapp/test1/functions/node_modules/firebase-functions/lib/v1/index.js"} {"metadata":{"emulator":{"name":"functions"},"function":{"name":"asia-northeast1-generateStory"},"extension":{},"message":"[runtime-status] [20807] Resolved module firebase-functions {\"declared\":true,\"installed\":true,\"version\":\"5.1.1\",\"resolution\":\"/Users/yxk/Downloads/yxkapp/test1/functions/node_modules/firebase-functions/lib/v1/index.js\"}"}}
[debug] [2026-04-20T12:14:15.359Z] [runtime-status] [20807] firebase-admin has been stubbed. {"adminResolution":{"declared":true,"installed":true,"version":"12.7.0","resolution":"/Users/yxk/Downloads/yxkapp/test1/functions/node_modules/firebase-admin/lib/index.js"}} {"metadata":{"emulator":{"name":"functions"},"function":{"name":"asia-northeast1-generateStory"},"extension":{},"message":"[runtime-status] [20807] firebase-admin has been stubbed. {\"adminResolution\":{\"declared\":true,\"installed\":true,\"version\":\"12.7.0\",\"resolution\":\"/Users/yxk/Downloads/yxkapp/test1/functions/node_modules/firebase-admin/lib/index.js\"}}"}}
[debug] [2026-04-20T12:14:15.362Z] [runtime-status] [20807] Functions runtime initialized. {"cwd":"/Users/yxk/Downloads/yxkapp/test1/functions","node_version":"22.14.0"} {"metadata":{"emulator":{"name":"functions"},"function":{"name":"asia-northeast1-generateStory"},"extension":{},"message":"[runtime-status] [20807] Functions runtime initialized. {\"cwd\":\"/Users/yxk/Downloads/yxkapp/test1/functions\",\"node_version\":\"22.14.0\"}"}}
[debug] [2026-04-20T12:14:15.362Z] [runtime-status] [20807] Listening to port: /var/folders/sz/qxcgz26534x79qtn2k14_3180000gn/T/fire_emu_a300946e9ad3d765.sock {"metadata":{"emulator":{"name":"functions"},"function":{"name":"asia-northeast1-generateStory"},"extension":{},"message":"[runtime-status] [20807] Listening to port: /var/folders/sz/qxcgz26534x79qtn2k14_3180000gn/T/fire_emu_a300946e9ad3d765.sock"}}
[debug] [2026-04-20T12:14:15.429Z] [worker-asia-northeast1-generateStory-57073090-b77f-436e-9ca8-7ecaa56b835c]: IDLE {"metadata":{"emulator":{"name":"functions"},"function":{"name":"asia-northeast1-generateStory"},"extension":{},"message":"[worker-asia-northeast1-generateStory-57073090-b77f-436e-9ca8-7ecaa56b835c]: IDLE"}}
[debug] [2026-04-20T12:14:15.429Z] [worker-pool] submitRequest(triggerId=asia-northeast1-generateStory) {"metadata":{"emulator":{"name":"functions"},"message":"[worker-pool] submitRequest(triggerId=asia-northeast1-generateStory)"}}
[info] i  functions: Beginning execution of "asia-northeast1-generateStory" {"metadata":{"emulator":{"name":"functions"},"function":{"name":"asia-northeast1-generateStory"},"extension":{},"message":"Beginning execution of \"asia-northeast1-generateStory\""}}
[debug] [2026-04-20T12:14:15.429Z] [worker-asia-northeast1-generateStory-57073090-b77f-436e-9ca8-7ecaa56b835c]: BUSY {"metadata":{"emulator":{"name":"functions"},"function":{"name":"asia-northeast1-generateStory"},"extension":{},"message":"[worker-asia-northeast1-generateStory-57073090-b77f-436e-9ca8-7ecaa56b835c]: BUSY"}}
[info] >  {"verifications":{"app":"MISSING","auth":"VALID"},"logging.googleapis.com/labels":{"firebase-log-type":"callable-request-verification"},"severity":"DEBUG","message":"Callable request verification passed"} {"user":{"verifications":{"app":"MISSING","auth":"VALID"},"logging.googleapis.com/labels":{"firebase-log-type":"callable-request-verification"},"severity":"DEBUG","message":"Callable request verification passed"},"metadata":{"emulator":{"name":"functions"},"function":{"name":"asia-northeast1-generateStory"},"extension":{},"message":"\u001b[90m> \u001b[39m {\"verifications\":{\"app\":\"MISSING\",\"auth\":\"VALID\"},\"logging.googleapis.com/labels\":{\"firebase-log-type\":\"callable-request-verification\"},\"severity\":\"DEBUG\",\"message\":\"Callable request verification passed\"}"}}
[info] >  {"childName":"Emma","theme":"根据图片环境生成Emma坐在桌前读书","style":"Warm & Cozy","pageCount":1,"severity":"INFO","message":"generateStory called"} {"user":{"childName":"Emma","theme":"根据图片环境生成Emma坐在桌前读书","style":"Warm & Cozy","pageCount":1,"severity":"INFO","message":"generateStory called"},"metadata":{"emulator":{"name":"functions"},"function":{"name":"asia-northeast1-generateStory"},"extension":{},"message":"\u001b[90m> \u001b[39m {\"childName\":\"Emma\",\"theme\":\"根据图片环境生成Emma坐在桌前读书\",\"style\":\"Warm & Cozy\",\"pageCount\":1,\"severity\":\"INFO\",\"message\":\"generateStory called\"}"}}
[info] >  {"childName":"Emma","contentLength":622,"severity":"INFO","message":"generateStory success"} {"user":{"childName":"Emma","contentLength":622,"severity":"INFO","message":"generateStory success"},"metadata":{"emulator":{"name":"functions"},"function":{"name":"asia-northeast1-generateStory"},"extension":{},"message":"\u001b[90m> \u001b[39m {\"childName\":\"Emma\",\"contentLength\":622,\"severity\":\"INFO\",\"message\":\"generateStory success\"}"}}
[debug] [2026-04-20T12:15:08.281Z] Finishing up request with event=pause {"metadata":{"emulator":{"name":"functions"},"function":{"name":"asia-northeast1-generateStory"},"extension":{},"message":"Finishing up request with event=pause"}}
[info] i  functions: Finished "asia-northeast1-generateStory" in 52852.322916ms {"metadata":{"emulator":{"name":"functions"},"function":{"name":"asia-northeast1-generateStory"},"extension":{},"message":"Finished \"asia-northeast1-generateStory\" in 52852.322916ms"}}
[debug] [2026-04-20T12:15:08.282Z] [worker-asia-northeast1-generateStory-57073090-b77f-436e-9ca8-7ecaa56b835c]: IDLE {"metadata":{"emulator":{"name":"functions"},"function":{"name":"asia-northeast1-generateStory"},"extension":{},"message":"[worker-asia-northeast1-generateStory-57073090-b77f-436e-9ca8-7ecaa56b835c]: IDLE"}}
[debug] [2026-04-20T12:15:08.282Z] Finishing up request with event=finish {"metadata":{"emulator":{"name":"functions"},"function":{"name":"asia-northeast1-generateStory"},"extension":{},"message":"Finishing up request with event=finish"}}
[debug] [2026-04-20T12:15:08.282Z] Finishing up request with event=close {"metadata":{"emulator":{"name":"functions"},"function":{"name":"asia-northeast1-generateStory"},"extension":{},"message":"Finishing up request with event=close"}}
[debug] [2026-04-20T12:15:08.282Z] [work-queue] {"queuedWork":[],"queueLength":0,"runningWork":[],"workRunningCount":0}
[debug] [2026-04-20T12:15:08.288Z] [work-queue] {"queuedWork":["/storyme-app-d02d2/asia-northeast1/generateImage-2026-04-20T12:15:08.288Z"],"queueLength":1,"runningWork":[],"workRunningCount":0}
[debug] [2026-04-20T12:15:08.288Z] [work-queue] {"queuedWork":[],"queueLength":0,"runningWork":["/storyme-app-d02d2/asia-northeast1/generateImage-2026-04-20T12:15:08.288Z"],"workRunningCount":1}
[debug] [2026-04-20T12:15:08.288Z] Accepted request POST /storyme-app-d02d2/asia-northeast1/generateImage --> asia-northeast1-generateImage
[debug] [2026-04-20T12:15:08.289Z] [functions] Runtime ready! Sending request! {"metadata":{"emulator":{"name":"functions"},"message":"[functions] Runtime ready! Sending request!"}}
[debug] [2026-04-20T12:15:08.289Z] [functions] Got req.url=/storyme-app-d02d2/asia-northeast1/generateImage, mapping to path=/ {"metadata":{"emulator":{"name":"functions"},"message":"[functions] Got req.url=/storyme-app-d02d2/asia-northeast1/generateImage, mapping to path=/"}}
[info] i  functions: Loaded environment variables from .env. 
[debug] [2026-04-20T12:15:08.291Z] [worker-pool] addWorker(asia-northeast1-generateImage) {"metadata":{"emulator":{"name":"functions"},"message":"[worker-pool] addWorker(asia-northeast1-generateImage)"}}
[debug] [2026-04-20T12:15:08.291Z] [worker-pool] Adding worker with key asia-northeast1-generateImage, total=1 {"metadata":{"emulator":{"name":"functions"},"message":"[worker-pool] Adding worker with key asia-northeast1-generateImage, total=1"}}
[debug] [2026-04-20T12:15:08.697Z] [runtime-status] [20845] Resolved module firebase-admin {"declared":true,"installed":true,"version":"12.7.0","resolution":"/Users/yxk/Downloads/yxkapp/test1/functions/node_modules/firebase-admin/lib/index.js"} {"metadata":{"emulator":{"name":"functions"},"function":{"name":"asia-northeast1-generateImage"},"extension":{},"message":"[runtime-status] [20845] Resolved module firebase-admin {\"declared\":true,\"installed\":true,\"version\":\"12.7.0\",\"resolution\":\"/Users/yxk/Downloads/yxkapp/test1/functions/node_modules/firebase-admin/lib/index.js\"}"}}
[debug] [2026-04-20T12:15:08.698Z] [runtime-status] [20845] Resolved module firebase-functions {"declared":true,"installed":true,"version":"5.1.1","resolution":"/Users/yxk/Downloads/yxkapp/test1/functions/node_modules/firebase-functions/lib/v1/index.js"} {"metadata":{"emulator":{"name":"functions"},"function":{"name":"asia-northeast1-generateImage"},"extension":{},"message":"[runtime-status] [20845] Resolved module firebase-functions {\"declared\":true,\"installed\":true,\"version\":\"5.1.1\",\"resolution\":\"/Users/yxk/Downloads/yxkapp/test1/functions/node_modules/firebase-functions/lib/v1/index.js\"}"}}
[debug] [2026-04-20T12:15:08.698Z] [runtime-status] [20845] Outgoing network have been stubbed. [{"name":"http","status":"mocked"},{"name":"http","status":"mocked"},{"name":"https","status":"mocked"},{"name":"https","status":"mocked"},{"name":"net","status":"mocked"}] {"metadata":{"emulator":{"name":"functions"},"function":{"name":"asia-northeast1-generateImage"},"extension":{},"message":"[runtime-status] [20845] Outgoing network have been stubbed. [{\"name\":\"http\",\"status\":\"mocked\"},{\"name\":\"http\",\"status\":\"mocked\"},{\"name\":\"https\",\"status\":\"mocked\"},{\"name\":\"https\",\"status\":\"mocked\"},{\"name\":\"net\",\"status\":\"mocked\"}]"}}
[debug] [2026-04-20T12:15:08.698Z] [runtime-status] [20845] Resolved module firebase-functions {"declared":true,"installed":true,"version":"5.1.1","resolution":"/Users/yxk/Downloads/yxkapp/test1/functions/node_modules/firebase-functions/lib/v1/index.js"} {"metadata":{"emulator":{"name":"functions"},"function":{"name":"asia-northeast1-generateImage"},"extension":{},"message":"[runtime-status] [20845] Resolved module firebase-functions {\"declared\":true,\"installed\":true,\"version\":\"5.1.1\",\"resolution\":\"/Users/yxk/Downloads/yxkapp/test1/functions/node_modules/firebase-functions/lib/v1/index.js\"}"}}
[debug] [2026-04-20T12:15:08.740Z] [runtime-status] [20845] Resolved module firebase-admin {"declared":true,"installed":true,"version":"12.7.0","resolution":"/Users/yxk/Downloads/yxkapp/test1/functions/node_modules/firebase-admin/lib/index.js"} {"metadata":{"emulator":{"name":"functions"},"function":{"name":"asia-northeast1-generateImage"},"extension":{},"message":"[runtime-status] [20845] Resolved module firebase-admin {\"declared\":true,\"installed\":true,\"version\":\"12.7.0\",\"resolution\":\"/Users/yxk/Downloads/yxkapp/test1/functions/node_modules/firebase-admin/lib/index.js\"}"}}
[debug] [2026-04-20T12:15:08.741Z] [runtime-status] [20845] Resolved module firebase-functions {"declared":true,"installed":true,"version":"5.1.1","resolution":"/Users/yxk/Downloads/yxkapp/test1/functions/node_modules/firebase-functions/lib/v1/index.js"} {"metadata":{"emulator":{"name":"functions"},"function":{"name":"asia-northeast1-generateImage"},"extension":{},"message":"[runtime-status] [20845] Resolved module firebase-functions {\"declared\":true,\"installed\":true,\"version\":\"5.1.1\",\"resolution\":\"/Users/yxk/Downloads/yxkapp/test1/functions/node_modules/firebase-functions/lib/v1/index.js\"}"}}
[debug] [2026-04-20T12:15:08.791Z] [runtime-status] [20845] firebase-admin has been stubbed. {"adminResolution":{"declared":true,"installed":true,"version":"12.7.0","resolution":"/Users/yxk/Downloads/yxkapp/test1/functions/node_modules/firebase-admin/lib/index.js"}} {"metadata":{"emulator":{"name":"functions"},"function":{"name":"asia-northeast1-generateImage"},"extension":{},"message":"[runtime-status] [20845] firebase-admin has been stubbed. {\"adminResolution\":{\"declared\":true,\"installed\":true,\"version\":\"12.7.0\",\"resolution\":\"/Users/yxk/Downloads/yxkapp/test1/functions/node_modules/firebase-admin/lib/index.js\"}}"}}
[debug] [2026-04-20T12:15:08.793Z] [runtime-status] [20845] Functions runtime initialized. {"cwd":"/Users/yxk/Downloads/yxkapp/test1/functions","node_version":"22.14.0"} {"metadata":{"emulator":{"name":"functions"},"function":{"name":"asia-northeast1-generateImage"},"extension":{},"message":"[runtime-status] [20845] Functions runtime initialized. {\"cwd\":\"/Users/yxk/Downloads/yxkapp/test1/functions\",\"node_version\":\"22.14.0\"}"}}
[debug] [2026-04-20T12:15:08.794Z] [runtime-status] [20845] Listening to port: /var/folders/sz/qxcgz26534x79qtn2k14_3180000gn/T/fire_emu_f8b2cbb044c07a20.sock {"metadata":{"emulator":{"name":"functions"},"function":{"name":"asia-northeast1-generateImage"},"extension":{},"message":"[runtime-status] [20845] Listening to port: /var/folders/sz/qxcgz26534x79qtn2k14_3180000gn/T/fire_emu_f8b2cbb044c07a20.sock"}}
[debug] [2026-04-20T12:15:08.799Z] [worker-asia-northeast1-generateImage-27d8ea21-a130-4a72-aaff-7de74ebb004d]: IDLE {"metadata":{"emulator":{"name":"functions"},"function":{"name":"asia-northeast1-generateImage"},"extension":{},"message":"[worker-asia-northeast1-generateImage-27d8ea21-a130-4a72-aaff-7de74ebb004d]: IDLE"}}
[debug] [2026-04-20T12:15:08.799Z] [worker-pool] submitRequest(triggerId=asia-northeast1-generateImage) {"metadata":{"emulator":{"name":"functions"},"message":"[worker-pool] submitRequest(triggerId=asia-northeast1-generateImage)"}}
[info] i  functions: Beginning execution of "asia-northeast1-generateImage" {"metadata":{"emulator":{"name":"functions"},"function":{"name":"asia-northeast1-generateImage"},"extension":{},"message":"Beginning execution of \"asia-northeast1-generateImage\""}}
[debug] [2026-04-20T12:15:08.799Z] [worker-asia-northeast1-generateImage-27d8ea21-a130-4a72-aaff-7de74ebb004d]: BUSY {"metadata":{"emulator":{"name":"functions"},"function":{"name":"asia-northeast1-generateImage"},"extension":{},"message":"[worker-asia-northeast1-generateImage-27d8ea21-a130-4a72-aaff-7de74ebb004d]: BUSY"}}
[info] >  {"verifications":{"app":"MISSING","auth":"VALID"},"logging.googleapis.com/labels":{"firebase-log-type":"callable-request-verification"},"severity":"DEBUG","message":"Callable request verification passed"} {"user":{"verifications":{"app":"MISSING","auth":"VALID"},"logging.googleapis.com/labels":{"firebase-log-type":"callable-request-verification"},"severity":"DEBUG","message":"Callable request verification passed"},"metadata":{"emulator":{"name":"functions"},"function":{"name":"asia-northeast1-generateImage"},"extension":{},"message":"\u001b[90m> \u001b[39m {\"verifications\":{\"app\":\"MISSING\",\"auth\":\"VALID\"},\"logging.googleapis.com/labels\":{\"firebase-log-type\":\"callable-request-verification\"},\"severity\":\"DEBUG\",\"message\":\"Callable request verification passed\"}"}}
[info] >  {"promptLength":1361,"prompt":"SUBJECT: A child named Emma. CRITICAL APPEARANCE — the child MUST strictly match ALL of the following in every detail: The child has short dark hair with straight bangs, dark brown almond-shaped eyes, fair skin, a round face, a magenta short-sleeved t-shirt with a small light design on the lower right, light mint green bottoms, and no visible accessories.. MANDATORY: Maintain the exact same hairstyle, hair color, and outfit from this description throughout the entire illustration. Do not alter or simplify any physical feature. Match the character's exact clothing colors, hairstyle, and accessories as shown in the reference photo. SCENE: Emma—with short dark hair and straight bangs, dark brown almond-shaped eyes, fair skin, and a round face—sits at a wooden table. She wears a magenta short-sleeved t-shirt with a small light cloud design on the lower right and light mint green shorts; an open picture book lies in front of her, and a sunbeam casts a warm glow over the scene.. Needle felted storybook style, thick felted wool texture on the surface, minimalist and poetic flat art style, mysterious and serene, tiny intricate wool fibers covering the entire scene, fuzzy pilling effect, felt craft aesthetic, composed of fine wool fuzz. ART DIRECTION: Children's book illustration, Warm & Cozy style, warm colorful lighting, soft friendly atmosphere.","severity":"INFO","message":"generateImage called"} {"user":{"promptLength":1361,"prompt":"SUBJECT: A child named Emma. CRITICAL APPEARANCE — the child MUST strictly match ALL of the following in every detail: The child has short dark hair with straight bangs, dark brown almond-shaped eyes, fair skin, a round face, a magenta short-sleeved t-shirt with a small light design on the lower right, light mint green bottoms, and no visible accessories.. MANDATORY: Maintain the exact same hairstyle, hair color, and outfit from this description throughout the entire illustration. Do not alter or simplify any physical feature. Match the character's exact clothing colors, hairstyle, and accessories as shown in the reference photo. SCENE: Emma—with short dark hair and straight bangs, dark brown almond-shaped eyes, fair skin, and a round face—sits at a wooden table. She wears a magenta short-sleeved t-shirt with a small light cloud design on the lower right and light mint green shorts; an open picture book lies in front of her, and a sunbeam casts a warm glow over the scene.. Needle felted storybook style, thick felted wool texture on the surface, minimalist and poetic flat art style, mysterious and serene, tiny intricate wool fibers covering the entire scene, fuzzy pilling effect, felt craft aesthetic, composed of fine wool fuzz. ART DIRECTION: Children's book illustration, Warm & Cozy style, warm colorful lighting, soft friendly atmosphere.","severity":"INFO","message":"generateImage called"},"metadata":{"emulator":{"name":"functions"},"function":{"name":"asia-northeast1-generateImage"},"extension":{},"message":"\u001b[90m> \u001b[39m {\"promptLength\":1361,\"prompt\":\"SUBJECT: A child named Emma. CRITICAL APPEARANCE — the child MUST strictly match ALL of the following in every detail: The child has short dark hair with straight bangs, dark brown almond-shaped eyes, fair skin, a round face, a magenta short-sleeved t-shirt with a small light design on the lower right, light mint green bottoms, and no visible accessories.. MANDATORY: Maintain the exact same hairstyle, hair color, and outfit from this description throughout the entire illustration. Do not alter or simplify any physical feature. Match the character's exact clothing colors, hairstyle, and accessories as shown in the reference photo. SCENE: Emma—with short dark hair and straight bangs, dark brown almond-shaped eyes, fair skin, and a round face—sits at a wooden table. She wears a magenta short-sleeved t-shirt with a small light cloud design on the lower right and light mint green shorts; an open picture book lies in front of her, and a sunbeam casts a warm glow over the scene.. Needle felted storybook style, thick felted wool texture on the surface, minimalist and poetic flat art style, mysterious and serene, tiny intricate wool fibers covering the entire scene, fuzzy pilling effect, felt craft aesthetic, composed of fine wool fuzz. ART DIRECTION: Children's book illustration, Warm & Cozy style, warm colorful lighting, soft friendly atmosphere.\",\"severity\":\"INFO\",\"message\":\"generateImage called\"}"}}
[info] >  {"b64Length":405192,"severity":"INFO","message":"generateImage success"} {"user":{"b64Length":405192,"severity":"INFO","message":"generateImage success"},"metadata":{"emulator":{"name":"functions"},"function":{"name":"asia-northeast1-generateImage"},"extension":{},"message":"\u001b[90m> \u001b[39m {\"b64Length\":405192,\"severity\":\"INFO\",\"message\":\"generateImage success\"}"}}
[debug] [2026-04-20T12:15:56.849Z] Finishing up request with event=pause {"metadata":{"emulator":{"name":"functions"},"function":{"name":"asia-northeast1-generateImage"},"extension":{},"message":"Finishing up request with event=pause"}}
[info] i  functions: Finished "asia-northeast1-generateImage" in 48050.126583ms {"metadata":{"emulator":{"name":"functions"},"function":{"name":"asia-northeast1-generateImage"},"extension":{},"message":"Finished \"asia-northeast1-generateImage\" in 48050.126583ms"}}
[debug] [2026-04-20T12:15:56.849Z] [worker-asia-northeast1-generateImage-27d8ea21-a130-4a72-aaff-7de74ebb004d]: IDLE {"metadata":{"emulator":{"name":"functions"},"function":{"name":"asia-northeast1-generateImage"},"extension":{},"message":"[worker-asia-northeast1-generateImage-27d8ea21-a130-4a72-aaff-7de74ebb004d]: IDLE"}}
[debug] [2026-04-20T12:15:56.849Z] Finishing up request with event=finish {"metadata":{"emulator":{"name":"functions"},"function":{"name":"asia-northeast1-generateImage"},"extension":{},"message":"Finishing up request with event=finish"}}
[debug] [2026-04-20T12:15:56.850Z] Finishing up request with event=close {"metadata":{"emulator":{"name":"functions"},"function":{"name":"asia-northeast1-generateImage"},"extension":{},"message":"Finishing up request with event=close"}}
[debug] [2026-04-20T12:15:56.850Z] [work-queue] {"queuedWork":[],"queueLength":0,"runningWork":[],"workRunningCount":0}
[debug] [2026-04-20T12:17:29.781Z] [work-queue] {"queuedWork":["/storyme-app-d02d2/asia-northeast1/analyzeAppearance-2026-04-20T12:17:29.780Z"],"queueLength":1,"runningWork":[],"workRunningCount":0}
[debug] [2026-04-20T12:17:29.782Z] [work-queue] {"queuedWork":[],"queueLength":0,"runningWork":["/storyme-app-d02d2/asia-northeast1/analyzeAppearance-2026-04-20T12:17:29.780Z"],"workRunningCount":1}
[debug] [2026-04-20T12:17:29.782Z] Accepted request POST /storyme-app-d02d2/asia-northeast1/analyzeAppearance --> asia-northeast1-analyzeAppearance
[debug] [2026-04-20T12:17:29.783Z] [functions] Runtime ready! Sending request! {"metadata":{"emulator":{"name":"functions"},"message":"[functions] Runtime ready! Sending request!"}}
[debug] [2026-04-20T12:17:29.784Z] [functions] Got req.url=/storyme-app-d02d2/asia-northeast1/analyzeAppearance, mapping to path=/ {"metadata":{"emulator":{"name":"functions"},"message":"[functions] Got req.url=/storyme-app-d02d2/asia-northeast1/analyzeAppearance, mapping to path=/"}}
[debug] [2026-04-20T12:17:29.784Z] [worker-pool] submitRequest(triggerId=asia-northeast1-analyzeAppearance) {"metadata":{"emulator":{"name":"functions"},"message":"[worker-pool] submitRequest(triggerId=asia-northeast1-analyzeAppearance)"}}
[info] i  functions: Beginning execution of "asia-northeast1-analyzeAppearance" {"metadata":{"emulator":{"name":"functions"},"function":{"name":"asia-northeast1-analyzeAppearance"},"extension":{},"message":"Beginning execution of \"asia-northeast1-analyzeAppearance\""}}
[debug] [2026-04-20T12:17:29.785Z] [worker-asia-northeast1-analyzeAppearance-dd39018c-cca0-433b-850b-b56c649b177b]: BUSY {"metadata":{"emulator":{"name":"functions"},"function":{"name":"asia-northeast1-analyzeAppearance"},"extension":{},"message":"[worker-asia-northeast1-analyzeAppearance-dd39018c-cca0-433b-850b-b56c649b177b]: BUSY"}}
[info] >  {"verifications":{"app":"MISSING","auth":"VALID"},"logging.googleapis.com/labels":{"firebase-log-type":"callable-request-verification"},"severity":"DEBUG","message":"Callable request verification passed"} {"user":{"verifications":{"app":"MISSING","auth":"VALID"},"logging.googleapis.com/labels":{"firebase-log-type":"callable-request-verification"},"severity":"DEBUG","message":"Callable request verification passed"},"metadata":{"emulator":{"name":"functions"},"function":{"name":"asia-northeast1-analyzeAppearance"},"extension":{},"message":"\u001b[90m> \u001b[39m {\"verifications\":{\"app\":\"MISSING\",\"auth\":\"VALID\"},\"logging.googleapis.com/labels\":{\"firebase-log-type\":\"callable-request-verification\"},\"severity\":\"DEBUG\",\"message\":\"Callable request verification passed\"}"}}
[info] >  {"promptLength":682,"imageCount":3,"prompt":"You are a children's book character designer. Carefully examine the child in these photos and return ONLY a detailed appearance description in English (max 80 words). You MUST include ALL of the following: (1) Hair: exact color, length, and style (e.g. black shoulder-length braids with pink bows), (2) Eyes: color and shape, (3) Skin tone, (4) Face shape, (5) Top/jacket: exact color, style, and any distinctive details (e.g. pink zip-up hoodie with white drawstrings), (6) Bottom: exact color and style (e.g. light blue denim shorts), (7) Any accessories (e.g. white sneakers, red hair clips). Output a single fluent sentence. Do not include names, background, or any explanation.","severity":"INFO","message":"analyzeAppearance called"} {"user":{"promptLength":682,"imageCount":3,"prompt":"You are a children's book character designer. Carefully examine the child in these photos and return ONLY a detailed appearance description in English (max 80 words). You MUST include ALL of the following: (1) Hair: exact color, length, and style (e.g. black shoulder-length braids with pink bows), (2) Eyes: color and shape, (3) Skin tone, (4) Face shape, (5) Top/jacket: exact color, style, and any distinctive details (e.g. pink zip-up hoodie with white drawstrings), (6) Bottom: exact color and style (e.g. light blue denim shorts), (7) Any accessories (e.g. white sneakers, red hair clips). Output a single fluent sentence. Do not include names, background, or any explanation.","severity":"INFO","message":"analyzeAppearance called"},"metadata":{"emulator":{"name":"functions"},"function":{"name":"asia-northeast1-analyzeAppearance"},"extension":{},"message":"\u001b[90m> \u001b[39m {\"promptLength\":682,\"imageCount\":3,\"prompt\":\"You are a children's book character designer. Carefully examine the child in these photos and return ONLY a detailed appearance description in English (max 80 words). You MUST include ALL of the following: (1) Hair: exact color, length, and style (e.g. black shoulder-length braids with pink bows), (2) Eyes: color and shape, (3) Skin tone, (4) Face shape, (5) Top/jacket: exact color, style, and any distinctive details (e.g. pink zip-up hoodie with white drawstrings), (6) Bottom: exact color and style (e.g. light blue denim shorts), (7) Any accessories (e.g. white sneakers, red hair clips). Output a single fluent sentence. Do not include names, background, or any explanation.\",\"severity\":\"INFO\",\"message\":\"analyzeAppearance called\"}"}}
[info] >  {"resultLength":349,"severity":"INFO","message":"analyzeAppearance success"} {"user":{"resultLength":349,"severity":"INFO","message":"analyzeAppearance success"},"metadata":{"emulator":{"name":"functions"},"function":{"name":"asia-northeast1-analyzeAppearance"},"extension":{},"message":"\u001b[90m> \u001b[39m {\"resultLength\":349,\"severity\":\"INFO\",\"message\":\"analyzeAppearance success\"}"}}
[debug] [2026-04-20T12:17:58.041Z] Finishing up request with event=pause {"metadata":{"emulator":{"name":"functions"},"function":{"name":"asia-northeast1-analyzeAppearance"},"extension":{},"message":"Finishing up request with event=pause"}}
[info] i  functions: Finished "asia-northeast1-analyzeAppearance" in 28256.506583ms {"metadata":{"emulator":{"name":"functions"},"function":{"name":"asia-northeast1-analyzeAppearance"},"extension":{},"message":"Finished \"asia-northeast1-analyzeAppearance\" in 28256.506583ms"}}
[debug] [2026-04-20T12:17:58.042Z] [worker-asia-northeast1-analyzeAppearance-dd39018c-cca0-433b-850b-b56c649b177b]: IDLE {"metadata":{"emulator":{"name":"functions"},"function":{"name":"asia-northeast1-analyzeAppearance"},"extension":{},"message":"[worker-asia-northeast1-analyzeAppearance-dd39018c-cca0-433b-850b-b56c649b177b]: IDLE"}}
[debug] [2026-04-20T12:17:58.042Z] Finishing up request with event=finish {"metadata":{"emulator":{"name":"functions"},"function":{"name":"asia-northeast1-analyzeAppearance"},"extension":{},"message":"Finishing up request with event=finish"}}
[debug] [2026-04-20T12:17:58.042Z] Finishing up request with event=close {"metadata":{"emulator":{"name":"functions"},"function":{"name":"asia-northeast1-analyzeAppearance"},"extension":{},"message":"Finishing up request with event=close"}}
[debug] [2026-04-20T12:17:58.044Z] [work-queue] {"queuedWork":[],"queueLength":0,"runningWork":[],"workRunningCount":0}
[debug] [2026-04-20T12:18:11.582Z] [work-queue] {"queuedWork":["/storyme-app-d02d2/asia-northeast1/generateStory-2026-04-20T12:18:11.582Z"],"queueLength":1,"runningWork":[],"workRunningCount":0}
[debug] [2026-04-20T12:18:11.582Z] [work-queue] {"queuedWork":[],"queueLength":0,"runningWork":["/storyme-app-d02d2/asia-northeast1/generateStory-2026-04-20T12:18:11.582Z"],"workRunningCount":1}
[debug] [2026-04-20T12:18:11.582Z] Accepted request POST /storyme-app-d02d2/asia-northeast1/generateStory --> asia-northeast1-generateStory
[debug] [2026-04-20T12:18:11.583Z] [functions] Runtime ready! Sending request! {"metadata":{"emulator":{"name":"functions"},"message":"[functions] Runtime ready! Sending request!"}}
[debug] [2026-04-20T12:18:11.583Z] [functions] Got req.url=/storyme-app-d02d2/asia-northeast1/generateStory, mapping to path=/ {"metadata":{"emulator":{"name":"functions"},"message":"[functions] Got req.url=/storyme-app-d02d2/asia-northeast1/generateStory, mapping to path=/"}}
[debug] [2026-04-20T12:18:11.583Z] [worker-pool] submitRequest(triggerId=asia-northeast1-generateStory) {"metadata":{"emulator":{"name":"functions"},"message":"[worker-pool] submitRequest(triggerId=asia-northeast1-generateStory)"}}
[info] i  functions: Beginning execution of "asia-northeast1-generateStory" {"metadata":{"emulator":{"name":"functions"},"function":{"name":"asia-northeast1-generateStory"},"extension":{},"message":"Beginning execution of \"asia-northeast1-generateStory\""}}
[debug] [2026-04-20T12:18:11.584Z] [worker-asia-northeast1-generateStory-57073090-b77f-436e-9ca8-7ecaa56b835c]: BUSY {"metadata":{"emulator":{"name":"functions"},"function":{"name":"asia-northeast1-generateStory"},"extension":{},"message":"[worker-asia-northeast1-generateStory-57073090-b77f-436e-9ca8-7ecaa56b835c]: BUSY"}}
[info] >  {"verifications":{"app":"MISSING","auth":"VALID"},"logging.googleapis.com/labels":{"firebase-log-type":"callable-request-verification"},"severity":"DEBUG","message":"Callable request verification passed"} {"user":{"verifications":{"app":"MISSING","auth":"VALID"},"logging.googleapis.com/labels":{"firebase-log-type":"callable-request-verification"},"severity":"DEBUG","message":"Callable request verification passed"},"metadata":{"emulator":{"name":"functions"},"function":{"name":"asia-northeast1-generateStory"},"extension":{},"message":"\u001b[90m> \u001b[39m {\"verifications\":{\"app\":\"MISSING\",\"auth\":\"VALID\"},\"logging.googleapis.com/labels\":{\"firebase-log-type\":\"callable-request-verification\"},\"severity\":\"DEBUG\",\"message\":\"Callable request verification passed\"}"}}
[info] >  {"childName":"Emma","theme":"Emma is playing in the warm spring sunshine, admiring a peach blossom in the garden. A small white butterfly is just about to land on a flower.","style":"Warm & Cozy","pageCount":1,"severity":"INFO","message":"generateStory called"} {"user":{"childName":"Emma","theme":"Emma is playing in the warm spring sunshine, admiring a peach blossom in the garden. A small white butterfly is just about to land on a flower.","style":"Warm & Cozy","pageCount":1,"severity":"INFO","message":"generateStory called"},"metadata":{"emulator":{"name":"functions"},"function":{"name":"asia-northeast1-generateStory"},"extension":{},"message":"\u001b[90m> \u001b[39m {\"childName\":\"Emma\",\"theme\":\"Emma is playing in the warm spring sunshine, admiring a peach blossom in the garden. A small white butterfly is just about to land on a flower.\",\"style\":\"Warm & Cozy\",\"pageCount\":1,\"severity\":\"INFO\",\"message\":\"generateStory called\"}"}}
[info] >  {"childName":"Emma","contentLength":614,"severity":"INFO","message":"generateStory success"} {"user":{"childName":"Emma","contentLength":614,"severity":"INFO","message":"generateStory success"},"metadata":{"emulator":{"name":"functions"},"function":{"name":"asia-northeast1-generateStory"},"extension":{},"message":"\u001b[90m> \u001b[39m {\"childName\":\"Emma\",\"contentLength\":614,\"severity\":\"INFO\",\"message\":\"generateStory success\"}"}}
[debug] [2026-04-20T12:18:43.875Z] Finishing up request with event=pause {"metadata":{"emulator":{"name":"functions"},"function":{"name":"asia-northeast1-generateStory"},"extension":{},"message":"Finishing up request with event=pause"}}
[info] i  functions: Finished "asia-northeast1-generateStory" in 32291.761917ms {"metadata":{"emulator":{"name":"functions"},"function":{"name":"asia-northeast1-generateStory"},"extension":{},"message":"Finished \"asia-northeast1-generateStory\" in 32291.761917ms"}}
[debug] [2026-04-20T12:18:43.876Z] [worker-asia-northeast1-generateStory-57073090-b77f-436e-9ca8-7ecaa56b835c]: IDLE {"metadata":{"emulator":{"name":"functions"},"function":{"name":"asia-northeast1-generateStory"},"extension":{},"message":"[worker-asia-northeast1-generateStory-57073090-b77f-436e-9ca8-7ecaa56b835c]: IDLE"}}
[debug] [2026-04-20T12:18:43.876Z] Finishing up request with event=finish {"metadata":{"emulator":{"name":"functions"},"function":{"name":"asia-northeast1-generateStory"},"extension":{},"message":"Finishing up request with event=finish"}}
[debug] [2026-04-20T12:18:43.876Z] Finishing up request with event=close {"metadata":{"emulator":{"name":"functions"},"function":{"name":"asia-northeast1-generateStory"},"extension":{},"message":"Finishing up request with event=close"}}
[debug] [2026-04-20T12:18:43.876Z] [work-queue] {"queuedWork":[],"queueLength":0,"runningWork":[],"workRunningCount":0}
[debug] [2026-04-20T12:18:43.884Z] [work-queue] {"queuedWork":["/storyme-app-d02d2/asia-northeast1/generateImage-2026-04-20T12:18:43.884Z"],"queueLength":1,"runningWork":[],"workRunningCount":0}
[debug] [2026-04-20T12:18:43.885Z] [work-queue] {"queuedWork":[],"queueLength":0,"runningWork":["/storyme-app-d02d2/asia-northeast1/generateImage-2026-04-20T12:18:43.884Z"],"workRunningCount":1}
[debug] [2026-04-20T12:18:43.885Z] Accepted request POST /storyme-app-d02d2/asia-northeast1/generateImage --> asia-northeast1-generateImage
[debug] [2026-04-20T12:18:43.886Z] [functions] Runtime ready! Sending request! {"metadata":{"emulator":{"name":"functions"},"message":"[functions] Runtime ready! Sending request!"}}
[debug] [2026-04-20T12:18:43.886Z] [functions] Got req.url=/storyme-app-d02d2/asia-northeast1/generateImage, mapping to path=/ {"metadata":{"emulator":{"name":"functions"},"message":"[functions] Got req.url=/storyme-app-d02d2/asia-northeast1/generateImage, mapping to path=/"}}
[debug] [2026-04-20T12:18:43.886Z] [worker-pool] submitRequest(triggerId=asia-northeast1-generateImage) {"metadata":{"emulator":{"name":"functions"},"message":"[worker-pool] submitRequest(triggerId=asia-northeast1-generateImage)"}}
[info] i  functions: Beginning execution of "asia-northeast1-generateImage" {"metadata":{"emulator":{"name":"functions"},"function":{"name":"asia-northeast1-generateImage"},"extension":{},"message":"Beginning execution of \"asia-northeast1-generateImage\""}}
[debug] [2026-04-20T12:18:43.886Z] [worker-asia-northeast1-generateImage-27d8ea21-a130-4a72-aaff-7de74ebb004d]: BUSY {"metadata":{"emulator":{"name":"functions"},"function":{"name":"asia-northeast1-generateImage"},"extension":{},"message":"[worker-asia-northeast1-generateImage-27d8ea21-a130-4a72-aaff-7de74ebb004d]: BUSY"}}
[info] >  {"verifications":{"app":"MISSING","auth":"VALID"},"logging.googleapis.com/labels":{"firebase-log-type":"callable-request-verification"},"severity":"DEBUG","message":"Callable request verification passed"} {"user":{"verifications":{"app":"MISSING","auth":"VALID"},"logging.googleapis.com/labels":{"firebase-log-type":"callable-request-verification"},"severity":"DEBUG","message":"Callable request verification passed"},"metadata":{"emulator":{"name":"functions"},"function":{"name":"asia-northeast1-generateImage"},"extension":{},"message":"\u001b[90m> \u001b[39m {\"verifications\":{\"app\":\"MISSING\",\"auth\":\"VALID\"},\"logging.googleapis.com/labels\":{\"firebase-log-type\":\"callable-request-verification\"},\"severity\":\"DEBUG\",\"message\":\"Callable request verification passed\"}"}}
[info] >  {"promptLength":1443,"prompt":"SUBJECT: A child named Emma. CRITICAL APPEARANCE — the child MUST strictly match ALL of the following in every detail: The child has black hair styled with two small side braids, bangs, and two large black bows on top, dark brown almond-shaped eyes, fair skin, a round face, a white traditional-style dress with pink and green floral embroidery on the chest and straps, flowing sheer long sleeves, and a pink gradient hem, and two large black hair bows as accessories.. MANDATORY: Maintain the exact same hairstyle, hair color, and outfit from this description throughout the entire illustration. Do not alter or simplify any physical feature. Match the character's exact clothing colors, hairstyle, and accessories as shown in the reference photo. SCENE: Emma stands in a sun-dappled garden, her black hair with side braids and large black bows catching light, dark brown almond eyes soft. She wears her white traditional dress with pink-green floral embroidery, sheer long sleeves, and pink gradient hem, leaning gently to watch a white butterfly on a peach blossom.. Needle felted storybook style, thick felted wool texture on the surface, minimalist and poetic flat art style, mysterious and serene, tiny intricate wool fibers covering the entire scene, fuzzy pilling effect, felt craft aesthetic, composed of fine wool fuzz. ART DIRECTION: Children's book illustration, Warm & Cozy style, warm colorful lighting, soft friendly atmosphere.","severity":"INFO","message":"generateImage called"} {"user":{"promptLength":1443,"prompt":"SUBJECT: A child named Emma. CRITICAL APPEARANCE — the child MUST strictly match ALL of the following in every detail: The child has black hair styled with two small side braids, bangs, and two large black bows on top, dark brown almond-shaped eyes, fair skin, a round face, a white traditional-style dress with pink and green floral embroidery on the chest and straps, flowing sheer long sleeves, and a pink gradient hem, and two large black hair bows as accessories.. MANDATORY: Maintain the exact same hairstyle, hair color, and outfit from this description throughout the entire illustration. Do not alter or simplify any physical feature. Match the character's exact clothing colors, hairstyle, and accessories as shown in the reference photo. SCENE: Emma stands in a sun-dappled garden, her black hair with side braids and large black bows catching light, dark brown almond eyes soft. She wears her white traditional dress with pink-green floral embroidery, sheer long sleeves, and pink gradient hem, leaning gently to watch a white butterfly on a peach blossom.. Needle felted storybook style, thick felted wool texture on the surface, minimalist and poetic flat art style, mysterious and serene, tiny intricate wool fibers covering the entire scene, fuzzy pilling effect, felt craft aesthetic, composed of fine wool fuzz. ART DIRECTION: Children's book illustration, Warm & Cozy style, warm colorful lighting, soft friendly atmosphere.","severity":"INFO","message":"generateImage called"},"metadata":{"emulator":{"name":"functions"},"function":{"name":"asia-northeast1-generateImage"},"extension":{},"message":"\u001b[90m> \u001b[39m {\"promptLength\":1443,\"prompt\":\"SUBJECT: A child named Emma. CRITICAL APPEARANCE — the child MUST strictly match ALL of the following in every detail: The child has black hair styled with two small side braids, bangs, and two large black bows on top, dark brown almond-shaped eyes, fair skin, a round face, a white traditional-style dress with pink and green floral embroidery on the chest and straps, flowing sheer long sleeves, and a pink gradient hem, and two large black hair bows as accessories.. MANDATORY: Maintain the exact same hairstyle, hair color, and outfit from this description throughout the entire illustration. Do not alter or simplify any physical feature. Match the character's exact clothing colors, hairstyle, and accessories as shown in the reference photo. SCENE: Emma stands in a sun-dappled garden, her black hair with side braids and large black bows catching light, dark brown almond eyes soft. She wears her white traditional dress with pink-green floral embroidery, sheer long sleeves, and pink gradient hem, leaning gently to watch a white butterfly on a peach blossom.. Needle felted storybook style, thick felted wool texture on the surface, minimalist and poetic flat art style, mysterious and serene, tiny intricate wool fibers covering the entire scene, fuzzy pilling effect, felt craft aesthetic, composed of fine wool fuzz. ART DIRECTION: Children's book illustration, Warm & Cozy style, warm colorful lighting, soft friendly atmosphere.\",\"severity\":\"INFO\",\"message\":\"generateImage called\"}"}}
[info] >  {"b64Length":382820,"severity":"INFO","message":"generateImage success"} {"user":{"b64Length":382820,"severity":"INFO","message":"generateImage success"},"metadata":{"emulator":{"name":"functions"},"function":{"name":"asia-northeast1-generateImage"},"extension":{},"message":"\u001b[90m> \u001b[39m {\"b64Length\":382820,\"severity\":\"INFO\",\"message\":\"generateImage success\"}"}}
[debug] [2026-04-20T12:19:23.667Z] Finishing up request with event=pause {"metadata":{"emulator":{"name":"functions"},"function":{"name":"asia-northeast1-generateImage"},"extension":{},"message":"Finishing up request with event=pause"}}
[info] i  functions: Finished "asia-northeast1-generateImage" in 39781.113667ms {"metadata":{"emulator":{"name":"functions"},"function":{"name":"asia-northeast1-generateImage"},"extension":{},"message":"Finished \"asia-northeast1-generateImage\" in 39781.113667ms"}}
[debug] [2026-04-20T12:19:23.668Z] [worker-asia-northeast1-generateImage-27d8ea21-a130-4a72-aaff-7de74ebb004d]: IDLE {"metadata":{"emulator":{"name":"functions"},"function":{"name":"asia-northeast1-generateImage"},"extension":{},"message":"[worker-asia-northeast1-generateImage-27d8ea21-a130-4a72-aaff-7de74ebb004d]: IDLE"}}
[debug] [2026-04-20T12:19:23.668Z] Finishing up request with event=finish {"metadata":{"emulator":{"name":"functions"},"function":{"name":"asia-northeast1-generateImage"},"extension":{},"message":"Finishing up request with event=finish"}}
[debug] [2026-04-20T12:19:23.672Z] Finishing up request with event=close {"metadata":{"emulator":{"name":"functions"},"function":{"name":"asia-northeast1-generateImage"},"extension":{},"message":"Finishing up request with event=close"}}
[debug] [2026-04-20T12:19:23.672Z] [work-queue] {"queuedWork":[],"queueLength":0,"runningWork":[],"workRunningCount":0}
[debug] [2026-04-20T12:25:21.889Z] [work-queue] {"queuedWork":["/storyme-app-d02d2/asia-northeast1/analyzeAppearance-2026-04-20T12:25:21.889Z"],"queueLength":1,"runningWork":[],"workRunningCount":0}
[debug] [2026-04-20T12:25:21.892Z] [work-queue] {"queuedWork":[],"queueLength":0,"runningWork":["/storyme-app-d02d2/asia-northeast1/analyzeAppearance-2026-04-20T12:25:21.889Z"],"workRunningCount":1}
[debug] [2026-04-20T12:25:21.892Z] Accepted request POST /storyme-app-d02d2/asia-northeast1/analyzeAppearance --> asia-northeast1-analyzeAppearance
[debug] [2026-04-20T12:25:21.893Z] [functions] Runtime ready! Sending request! {"metadata":{"emulator":{"name":"functions"},"message":"[functions] Runtime ready! Sending request!"}}
[debug] [2026-04-20T12:25:21.894Z] [functions] Got req.url=/storyme-app-d02d2/asia-northeast1/analyzeAppearance, mapping to path=/ {"metadata":{"emulator":{"name":"functions"},"message":"[functions] Got req.url=/storyme-app-d02d2/asia-northeast1/analyzeAppearance, mapping to path=/"}}
[debug] [2026-04-20T12:25:21.894Z] [worker-pool] submitRequest(triggerId=asia-northeast1-analyzeAppearance) {"metadata":{"emulator":{"name":"functions"},"message":"[worker-pool] submitRequest(triggerId=asia-northeast1-analyzeAppearance)"}}
[info] i  functions: Beginning execution of "asia-northeast1-analyzeAppearance" {"metadata":{"emulator":{"name":"functions"},"function":{"name":"asia-northeast1-analyzeAppearance"},"extension":{},"message":"Beginning execution of \"asia-northeast1-analyzeAppearance\""}}
[debug] [2026-04-20T12:25:21.896Z] [worker-asia-northeast1-analyzeAppearance-dd39018c-cca0-433b-850b-b56c649b177b]: BUSY {"metadata":{"emulator":{"name":"functions"},"function":{"name":"asia-northeast1-analyzeAppearance"},"extension":{},"message":"[worker-asia-northeast1-analyzeAppearance-dd39018c-cca0-433b-850b-b56c649b177b]: BUSY"}}
[info] >  {"verifications":{"app":"MISSING","auth":"VALID"},"logging.googleapis.com/labels":{"firebase-log-type":"callable-request-verification"},"severity":"DEBUG","message":"Callable request verification passed"} {"user":{"verifications":{"app":"MISSING","auth":"VALID"},"logging.googleapis.com/labels":{"firebase-log-type":"callable-request-verification"},"severity":"DEBUG","message":"Callable request verification passed"},"metadata":{"emulator":{"name":"functions"},"function":{"name":"asia-northeast1-analyzeAppearance"},"extension":{},"message":"\u001b[90m> \u001b[39m {\"verifications\":{\"app\":\"MISSING\",\"auth\":\"VALID\"},\"logging.googleapis.com/labels\":{\"firebase-log-type\":\"callable-request-verification\"},\"severity\":\"DEBUG\",\"message\":\"Callable request verification passed\"}"}}
[info] >  {"promptLength":682,"imageCount":3,"prompt":"You are a children's book character designer. Carefully examine the child in these photos and return ONLY a detailed appearance description in English (max 80 words). You MUST include ALL of the following: (1) Hair: exact color, length, and style (e.g. black shoulder-length braids with pink bows), (2) Eyes: color and shape, (3) Skin tone, (4) Face shape, (5) Top/jacket: exact color, style, and any distinctive details (e.g. pink zip-up hoodie with white drawstrings), (6) Bottom: exact color and style (e.g. light blue denim shorts), (7) Any accessories (e.g. white sneakers, red hair clips). Output a single fluent sentence. Do not include names, background, or any explanation.","severity":"INFO","message":"analyzeAppearance called"} {"user":{"promptLength":682,"imageCount":3,"prompt":"You are a children's book character designer. Carefully examine the child in these photos and return ONLY a detailed appearance description in English (max 80 words). You MUST include ALL of the following: (1) Hair: exact color, length, and style (e.g. black shoulder-length braids with pink bows), (2) Eyes: color and shape, (3) Skin tone, (4) Face shape, (5) Top/jacket: exact color, style, and any distinctive details (e.g. pink zip-up hoodie with white drawstrings), (6) Bottom: exact color and style (e.g. light blue denim shorts), (7) Any accessories (e.g. white sneakers, red hair clips). Output a single fluent sentence. Do not include names, background, or any explanation.","severity":"INFO","message":"analyzeAppearance called"},"metadata":{"emulator":{"name":"functions"},"function":{"name":"asia-northeast1-analyzeAppearance"},"extension":{},"message":"\u001b[90m> \u001b[39m {\"promptLength\":682,\"imageCount\":3,\"prompt\":\"You are a children's book character designer. Carefully examine the child in these photos and return ONLY a detailed appearance description in English (max 80 words). You MUST include ALL of the following: (1) Hair: exact color, length, and style (e.g. black shoulder-length braids with pink bows), (2) Eyes: color and shape, (3) Skin tone, (4) Face shape, (5) Top/jacket: exact color, style, and any distinctive details (e.g. pink zip-up hoodie with white drawstrings), (6) Bottom: exact color and style (e.g. light blue denim shorts), (7) Any accessories (e.g. white sneakers, red hair clips). Output a single fluent sentence. Do not include names, background, or any explanation.\",\"severity\":\"INFO\",\"message\":\"analyzeAppearance called\"}"}}
[info] >  {"resultLength":316,"severity":"INFO","message":"analyzeAppearance success"} {"user":{"resultLength":316,"severity":"INFO","message":"analyzeAppearance success"},"metadata":{"emulator":{"name":"functions"},"function":{"name":"asia-northeast1-analyzeAppearance"},"extension":{},"message":"\u001b[90m> \u001b[39m {\"resultLength\":316,\"severity\":\"INFO\",\"message\":\"analyzeAppearance success\"}"}}
[debug] [2026-04-20T12:26:03.967Z] Finishing up request with event=pause {"metadata":{"emulator":{"name":"functions"},"function":{"name":"asia-northeast1-analyzeAppearance"},"extension":{},"message":"Finishing up request with event=pause"}}
[info] i  functions: Finished "asia-northeast1-analyzeAppearance" in 42071.886584ms {"metadata":{"emulator":{"name":"functions"},"function":{"name":"asia-northeast1-analyzeAppearance"},"extension":{},"message":"Finished \"asia-northeast1-analyzeAppearance\" in 42071.886584ms"}}
[debug] [2026-04-20T12:26:03.968Z] [worker-asia-northeast1-analyzeAppearance-dd39018c-cca0-433b-850b-b56c649b177b]: IDLE {"metadata":{"emulator":{"name":"functions"},"function":{"name":"asia-northeast1-analyzeAppearance"},"extension":{},"message":"[worker-asia-northeast1-analyzeAppearance-dd39018c-cca0-433b-850b-b56c649b177b]: IDLE"}}
[debug] [2026-04-20T12:26:03.968Z] Finishing up request with event=finish {"metadata":{"emulator":{"name":"functions"},"function":{"name":"asia-northeast1-analyzeAppearance"},"extension":{},"message":"Finishing up request with event=finish"}}
[debug] [2026-04-20T12:26:03.969Z] Finishing up request with event=close {"metadata":{"emulator":{"name":"functions"},"function":{"name":"asia-northeast1-analyzeAppearance"},"extension":{},"message":"Finishing up request with event=close"}}
[debug] [2026-04-20T12:26:03.969Z] [work-queue] {"queuedWork":[],"queueLength":0,"runningWork":[],"workRunningCount":0}
